{
  "__inputs": [
    {
      "name": "DS_PROMETHEUS",
      "label": "prometheus",
      "description": "",
      "type": "datasource",
      "pluginId": "prometheus",
      "pluginName": "Prometheus"
    }
  ],
  "__elements": {},
  "__requires": [
    {
      "type": "panel",
      "id": "barchart",
      "name": "Bar chart",
      "version": ""
    },
    {
      "type": "panel",
      "id": "gauge",
      "name": "Gauge",
      "version": ""
    },
    {
      "type": "grafana",
      "id": "grafana",
      "name": "Grafana",
      "version": "11.1.3"
    },
    {
      "type": "datasource",
      "id": "prometheus",
      "name": "Prometheus",
      "version": "1.0.0"
    },
    {
      "type": "panel",
      "id": "stat",
      "name": "Stat",
      "version": ""
    },
    {
      "type": "panel",
      "id": "table",
      "name": "Table",
      "version": ""
    },
    {
      "type": "panel",
      "id": "text",
      "name": "Text",
      "version": ""
    }
  ],
  "annotations": {
    "list": [
      {
        "builtIn": 1,
        "datasource": {
          "type": "grafana",
          "uid": "-- Grafana --"
        },
        "enable": true,
        "hide": true,
        "iconColor": "rgba(0, 211, 255, 1)",
        "name": "Annotations & Alerts",
        "type": "dashboard"
      }
    ]
  },
  "editable": true,
  "fiscalYearStartMonth": 0,
  "graphTooltip": 0,
  "id": null,
  "links": [],
  "panels": [
    {
      "datasource": {
        "type": "prometheus",
        "uid": "${DS_PROMETHEUS}"
      },
      "gridPos": {
        "h": 2,
        "w": 24,
        "x": 0,
        "y": 0
      },
      "id": 8,
      "options": {
        "code": {
          "language": "plaintext",
          "showLineNumbers": false,
          "showMiniMap": false
        },
        "content": "# *Digital Experience Dashboard* #",
        "mode": "markdown"
      },
      "pluginVersion": "11.1.3",
      "type": "text"
    },
    {
      "datasource": {
        "type": "prometheus",
        "uid": "${DS_PROMETHEUS}"
      },
      "fieldConfig": {
        "defaults": {
          "color": {
            "mode": "continuous-RdYlGr"
          },
          "decimals": 2,
          "mappings": [],
          "thresholds": {
            "mode": "percentage",
            "steps": [
              {
                "color": "red",
                "value": null
              },
              {
                "color": "orange",
                "value": 60
              },
              {
                "color": "green",
                "value": 85
              }
            ]
          },
          "unit": "percentunit"
        },
        "overrides": [
          {
            "matcher": {
              "id": "byName",
              "options": "Time"
            },
            "properties": []
          }
        ]
      },
      "gridPos": {
        "h": 8,
        "w": 6,
        "x": 0,
        "y": 2
      },
      "id": 3,
      "links": [
        {
          "targetBlank": true,
          "title": "DEX - Performance Dashboard",
          "url": "http://localhost:8084/d/cdvj1hggzksg0d/dex-performance-dashboard?orgId=1&from=1724251063149&to=1724272663149"
        }
      ],
      "options": {
        "minVizHeight": 144,
        "minVizWidth": 75,
        "orientation": "auto",
        "reduceOptions": {
          "calcs": [
            "lastNotNull"
          ],
          "fields": "/^performanceScore$/",
          "values": false
        },
        "showThresholdLabels": true,
        "showThresholdMarkers": true,
        "sizing": "manual",
        "text": {
          "valueSize": 22
        }
      },
      "pluginVersion": "11.1.3",
      "targets": [
        {
          "datasource": {
            "type": "prometheus",
            "uid": "${DS_PROMETHEUS}"
          },
          "disableTextWrap": false,
          "editorMode": "builder",
          "exemplar": false,
          "expr": "avg by(performanceScore) (analyzeraudits)",
          "format": "table",
          "fullMetaSearch": false,
          "includeNullMetadata": true,
          "instant": false,
          "legendFormat": "__auto",
          "range": true,
          "refId": "A",
          "useBackend": false
        }
      ],
      "title": "Analyzer - Performance Overall Score",
      "type": "gauge"
    },
    {
      "datasource": {
        "type": "prometheus",
        "uid": "${DS_PROMETHEUS}"
      },
      "fieldConfig": {
        "defaults": {
          "color": {
            "mode": "continuous-RdYlGr"
          },
          "decimals": 2,
          "mappings": [],
          "thresholds": {
            "mode": "percentage",
            "steps": [
              {
                "color": "red",
                "value": null
              },
              {
                "color": "orange",
                "value": 60
              },
              {
                "color": "green",
                "value": 85
              }
            ]
          },
          "unit": "percentunit"
        },
        "overrides": [
          {
            "matcher": {
              "id": "byName",
              "options": "Time"
            },
            "properties": []
          }
        ]
      },
      "gridPos": {
        "h": 8,
        "w": 6,
        "x": 6,
        "y": 2
      },
      "id": 1,
      "links": [
        {
          "targetBlank": true,
          "title": "DEX - Accessibility Dashboard",
          "url": "http://localhost:8084/d/edvgmy2fg74sge/dex-accessibility-dashboard?orgId=1&from=1724092303103&to=1724265103103"
        }
      ],
      "options": {
        "minVizHeight": 144,
        "minVizWidth": 75,
        "orientation": "auto",
        "reduceOptions": {
          "calcs": [
            "lastNotNull"
          ],
          "fields": "/^accessibilityScore$/",
          "values": false
        },
        "showThresholdLabels": true,
        "showThresholdMarkers": true,
        "sizing": "manual",
        "text": {
          "valueSize": 22
        }
      },
      "pluginVersion": "11.1.3",
      "targets": [
        {
          "datasource": {
            "type": "prometheus",
            "uid": "${DS_PROMETHEUS}"
          },
          "disableTextWrap": false,
          "editorMode": "builder",
          "exemplar": false,
          "expr": "avg by(accessibilityScore) (analyzeraudits)",
          "format": "table",
          "fullMetaSearch": false,
          "includeNullMetadata": true,
          "instant": false,
          "legendFormat": "__auto",
          "range": true,
          "refId": "A",
          "useBackend": false
        }
      ],
      "title": "Analyzer - Accessibility Overall Score",
      "type": "gauge"
    },
    {
      "datasource": {
        "type": "prometheus",
        "uid": "${DS_PROMETHEUS}"
      },
      "fieldConfig": {
        "defaults": {
          "color": {
            "mode": "continuous-RdYlGr"
          },
          "decimals": 2,
          "mappings": [],
          "thresholds": {
            "mode": "percentage",
            "steps": [
              {
                "color": "red",
                "value": null
              },
              {
                "color": "orange",
                "value": 60
              },
              {
                "color": "green",
                "value": 85
              }
            ]
          },
          "unit": "percentunit"
        },
        "overrides": [
          {
            "matcher": {
              "id": "byName",
              "options": "Time"
            },
            "properties": []
          }
        ]
      },
      "gridPos": {
        "h": 8,
        "w": 6,
        "x": 12,
        "y": 2
      },
      "id": 4,
      "links": [
        {
          "targetBlank": true,
          "title": "DEX - Best Practices Dashboard",
          "url": "http://localhost:8084/d/cdvj1phb6earkb/dex-best-practices-dashboard?from=1724251137712&to=1724272737712&orgId=1"
        }
      ],
      "options": {
        "minVizHeight": 144,
        "minVizWidth": 75,
        "orientation": "auto",
        "reduceOptions": {
          "calcs": [
            "lastNotNull"
          ],
          "fields": "/^bestpracticesScore$/",
          "values": false
        },
        "showThresholdLabels": true,
        "showThresholdMarkers": true,
        "sizing": "manual",
        "text": {
          "valueSize": 22
        }
      },
      "pluginVersion": "11.1.3",
      "targets": [
        {
          "datasource": {
            "type": "prometheus",
            "uid": "${DS_PROMETHEUS}"
          },
          "disableTextWrap": false,
          "editorMode": "builder",
          "exemplar": false,
          "expr": "avg by(bestpracticesScore) (analyzeraudits)",
          "format": "table",
          "fullMetaSearch": false,
          "includeNullMetadata": true,
          "instant": false,
          "legendFormat": "__auto",
          "range": true,
          "refId": "A",
          "useBackend": false
        }
      ],
      "title": "Analyzer - Best Practice Overall Score",
      "type": "gauge"
    },
    {
      "datasource": {
        "type": "prometheus",
        "uid": "${DS_PROMETHEUS}"
      },
      "fieldConfig": {
        "defaults": {
          "color": {
            "mode": "continuous-RdYlGr"
          },
          "decimals": 2,
          "mappings": [],
          "thresholds": {
            "mode": "percentage",
            "steps": [
              {
                "color": "red",
                "value": null
              },
              {
                "color": "orange",
                "value": 60
              },
              {
                "color": "green",
                "value": 85
              }
            ]
          },
          "unit": "percentunit"
        },
        "overrides": [
          {
            "matcher": {
              "id": "byName",
              "options": "Time"
            },
            "properties": []
          }
        ]
      },
      "gridPos": {
        "h": 8,
        "w": 6,
        "x": 18,
        "y": 2
      },
      "id": 5,
      "links": [
        {
          "targetBlank": true,
          "title": "DEX - SEO Dashboard",
          "url": "http://localhost:8084/d/ddvj1sdgrh8g0a/dex-seo-dashboard?orgId=1&from=1724251180803&to=1724272780803"
        }
      ],
      "options": {
        "minVizHeight": 144,
        "minVizWidth": 75,
        "orientation": "auto",
        "reduceOptions": {
          "calcs": [
            "lastNotNull"
          ],
          "fields": "/^seoscore$/",
          "values": false
        },
        "showThresholdLabels": true,
        "showThresholdMarkers": true,
        "sizing": "manual",
        "text": {
          "valueSize": 22
        }
      },
      "pluginVersion": "11.1.3",
      "targets": [
        {
          "datasource": {
            "type": "prometheus",
            "uid": "${DS_PROMETHEUS}"
          },
          "disableTextWrap": false,
          "editorMode": "builder",
          "exemplar": false,
          "expr": "avg by(seoscore) (analyzeraudits)",
          "format": "table",
          "fullMetaSearch": false,
          "includeNullMetadata": true,
          "instant": false,
          "legendFormat": "__auto",
          "range": true,
          "refId": "A",
          "useBackend": false
        }
      ],
      "title": "Analyzer - SEO Overall Score",
      "type": "gauge"
    },
    {
      "datasource": {
        "type": "prometheus",
        "uid": "${DS_PROMETHEUS}"
      },
      "fieldConfig": {
        "defaults": {
          "color": {
            "mode": "continuous-GrYlRd"
          },
          "custom": {
            "align": "left",
            "cellOptions": {
              "type": "auto"
            },
            "filterable": false,
            "inspect": false
          },
          "mappings": [],
          "thresholds": {
            "mode": "percentage",
            "steps": [
              {
                "color": "green",
                "value": null
              },
              {
                "color": "#EAB839",
                "value": 65
              },
              {
                "color": "red",
                "value": 80
              }
            ]
          },
          "unit": "percentunit"
        },
        "overrides": [
          {
            "matcher": {
              "id": "byName",
              "options": "Pages (distinctCount)"
            },
            "properties": [
              {
                "id": "unit"
              },
              {
                "id": "custom.width",
                "value": 60
              }
            ]
          },
          {
            "matcher": {
              "id": "byName",
              "options": "Overall Performance Score (lastNotNull)"
            },
            "properties": [
              {
                "id": "custom.cellOptions",
                "value": {
                  "type": "color-background"
                }
              },
              {
                "id": "custom.width",
                "value": 204
              }
            ]
          },
          {
            "matcher": {
              "id": "byName",
              "options": "Overall Accessibility Score (lastNotNull)"
            },
            "properties": [
              {
                "id": "custom.cellOptions",
                "value": {
                  "type": "color-background"
                }
              },
              {
                "id": "custom.width",
                "value": 203
              }
            ]
          },
          {
            "matcher": {
              "id": "byName",
              "options": "Overall Best Practices Score (lastNotNull)"
            },
            "properties": [
              {
                "id": "custom.cellOptions",
                "value": {
                  "type": "color-background"
                }
              },
              {
                "id": "custom.width",
                "value": 213
              }
            ]
          },
          {
            "matcher": {
              "id": "byName",
              "options": "Overall SEO Score (lastNotNull)"
            },
            "properties": [
              {
                "id": "custom.cellOptions",
                "value": {
                  "type": "color-background"
                }
              }
            ]
          },
          {
            "matcher": {
              "id": "byName",
              "options": "Application Name"
            },
            "properties": [
              {
                "id": "custom.width",
                "value": 369
              }
            ]
          }
        ]
      },
      "gridPos": {
        "h": 7,
        "w": 24,
        "x": 0,
        "y": 10
      },
      "id": 7,
      "options": {
        "cellHeight": "sm",
        "footer": {
          "countRows": false,
          "fields": "",
          "reducer": [
            "sum"
          ],
          "show": true
        },
        "showHeader": true,
        "sortBy": []
      },
      "pluginVersion": "11.1.3",
      "targets": [
        {
          "datasource": {
            "type": "prometheus",
            "uid": "${DS_PROMETHEUS}"
          },
          "disableTextWrap": false,
          "editorMode": "builder",
          "expr": "analyzeraudits{applicationName!=\"\", accessibilityScore!=\"\"}",
          "format": "table",
          "fullMetaSearch": false,
          "includeNullMetadata": true,
          "instant": false,
          "legendFormat": "__auto",
          "range": true,
          "refId": "A",
          "useBackend": false
        }
      ],
      "title": "Analyzer - Data Visualization",
      "transformations": [
        {
          "id": "organize",
          "options": {
            "excludeByName": {
              "Time": true,
              "Value": true,
              "__name__": true,
              "buildId": true,
              "fetchTime": true,
              "instance": true,
              "job": true,
              "pageName": false,
              "pwascore": true,
              "requestedUrl": true,
              "scans": true
            },
            "includeByName": {},
            "indexByName": {
              "Time": 0,
              "Value": 15,
              "__name__": 1,
              "accessibilityScore": 5,
              "applicationName": 2,
              "bestpracticesScore": 6,
              "buildId": 8,
              "fetchTime": 9,
              "instance": 10,
              "job": 11,
              "pageName": 3,
              "performanceScore": 4,
              "pwascore": 12,
              "requestedUrl": 13,
              "scans": 14,
              "seoscore": 7
            },
            "renameByName": {
              "accessibilityScore": "Overall Accessibility Score",
              "applicationName": "Application Name",
              "bestpracticesScore": "Overall Best Practices Score",
              "buildId": "",
              "pageName": "Pages",
              "performanceScore": "Overall Performance Score",
              "pwascore": "",
              "seoscore": "Overall SEO Score"
            }
          }
        },
        {
          "id": "groupBy",
          "options": {
            "fields": {
              "Application Name": {
                "aggregations": [],
                "operation": "groupby"
              },
              "Overall Accessibility Score": {
                "aggregations": [
                  "lastNotNull"
                ],
                "operation": "aggregate"
              },
              "Overall Best Practices Score": {
                "aggregations": [
                  "lastNotNull"
                ],
                "operation": "aggregate"
              },
              "Overall Performance Score": {
                "aggregations": [
                  "lastNotNull"
                ],
                "operation": "aggregate"
              },
              "Overall SEO Score": {
                "aggregations": [
                  "lastNotNull"
                ],
                "operation": "aggregate"
              },
              "Page Name": {
                "aggregations": [],
                "operation": "aggregate"
              },
              "Pages": {
                "aggregations": [
                  "distinctCount"
                ],
                "operation": "aggregate"
              }
            }
          }
        }
      ],
      "type": "table"
    },
    {
      "datasource": {
        "type": "prometheus",
        "uid": "${DS_PROMETHEUS}"
      },
      "gridPos": {
        "h": 10,
        "w": 12,
        "x": 0,
        "y": 17
      },
      "id": 9,
      "options": {
        "code": {
          "language": "plaintext",
          "showLineNumbers": false,
          "showMiniMap": false
        },
        "content": "## Focus on quality with DEX\nAudit your website and obtain opportunities and recommendations to enhance your website's accessibility, performance, and ranking.\n\nWith build-to-build and page-wise comparison, make faster data-driven decisions.",
        "mode": "markdown"
      },
      "pluginVersion": "11.1.3",
      "type": "text"
    },
    {
      "datasource": {
        "type": "prometheus",
        "uid": "${DS_PROMETHEUS}"
      },
      "gridPos": {
        "h": 2,
        "w": 12,
        "x": 12,
        "y": 17
      },
      "id": 12,
      "options": {
        "code": {
          "language": "plaintext",
          "showLineNumbers": false,
          "showMiniMap": false
        },
        "content": "###                                                                         Know more about your data ",
        "mode": "markdown"
      },
      "pluginVersion": "11.1.3",
      "type": "text"
    },
    {
      "datasource": {
        "type": "prometheus",
        "uid": "${DS_PROMETHEUS}"
      },
      "fieldConfig": {
        "defaults": {
          "color": {
            "mode": "thresholds"
          },
          "mappings": [],
          "thresholds": {
            "mode": "absolute",
            "steps": [
              {
                "color": "green"
              },
              {
                "color": "red",
                "value": 80
              }
            ]
          }
        },
        "overrides": []
      },
      "gridPos": {
        "h": 8,
        "w": 4,
        "x": 12,
        "y": 19
      },
      "id": 11,
      "options": {
        "colorMode": "value",
        "graphMode": "area",
        "justifyMode": "auto",
        "orientation": "auto",
        "percentChangeColorMode": "standard",
        "reduceOptions": {
          "calcs": [
            "sum"
          ],
          "fields": "",
          "values": false
        },
        "showPercentChange": false,
        "textMode": "auto",
        "wideLayout": true
      },
      "pluginVersion": "11.1.3",
      "targets": [
        {
          "datasource": {
            "type": "prometheus",
            "uid": "${DS_PROMETHEUS}"
          },
          "disableTextWrap": false,
          "editorMode": "builder",
          "expr": "analyzeraudits",
          "format": "table",
          "fullMetaSearch": false,
          "includeNullMetadata": true,
          "instant": false,
          "legendFormat": "__auto",
          "range": true,
          "refId": "A",
          "useBackend": false
        }
      ],
      "title": "Application",
      "transformations": [
        {
          "id": "groupBy",
          "options": {
            "fields": {
              "Value": {
                "aggregations": [
                  "distinctCount"
                ],
                "operation": "aggregate"
              },
              "applicationName": {
                "aggregations": [],
                "operation": "groupby"
              }
            }
          }
        }
      ],
      "type": "stat"
    },
    {
      "datasource": {
        "type": "prometheus",
        "uid": "${DS_PROMETHEUS}"
      },
      "fieldConfig": {
        "defaults": {
          "color": {
            "mode": "thresholds"
          },
          "mappings": [],
          "thresholds": {
            "mode": "absolute",
            "steps": [
              {
                "color": "green"
              },
              {
                "color": "red",
                "value": 80
              }
            ]
          }
        },
        "overrides": []
      },
      "gridPos": {
        "h": 8,
        "w": 4,
        "x": 16,
        "y": 19
      },
      "id": 15,
      "options": {
        "colorMode": "value",
        "graphMode": "area",
        "justifyMode": "auto",
        "orientation": "auto",
        "percentChangeColorMode": "standard",
        "reduceOptions": {
          "calcs": [
            "sum"
          ],
          "fields": "",
          "values": false
        },
        "showPercentChange": false,
        "textMode": "auto",
        "wideLayout": true
      },
      "pluginVersion": "11.1.3",
      "targets": [
        {
          "datasource": {
            "type": "prometheus",
            "uid": "${DS_PROMETHEUS}"
          },
          "disableTextWrap": false,
          "editorMode": "builder",
          "expr": "analyzeraudits",
          "format": "table",
          "fullMetaSearch": false,
          "includeNullMetadata": true,
          "instant": false,
          "legendFormat": "__auto",
          "range": true,
          "refId": "A",
          "useBackend": false
        }
      ],
      "title": "Pages",
      "transformations": [
        {
          "id": "groupBy",
          "options": {
            "fields": {
              "Value": {
                "aggregations": [
                  "distinctCount"
                ],
                "operation": "aggregate"
              },
              "applicationName": {
                "aggregations": []
              },
              "pageName": {
                "aggregations": [],
                "operation": "groupby"
              }
            }
          }
        }
      ],
      "type": "stat"
    },
    {
      "datasource": {
        "type": "prometheus",
        "uid": "${DS_PROMETHEUS}"
      },
      "fieldConfig": {
        "defaults": {
          "color": {
            "mode": "thresholds"
          },
          "mappings": [],
          "thresholds": {
            "mode": "absolute",
            "steps": [
              {
                "color": "green"
              },
              {
                "color": "red",
                "value": 80
              }
            ]
          }
        },
        "overrides": []
      },
      "gridPos": {
        "h": 8,
        "w": 4,
        "x": 20,
        "y": 19
      },
      "id": 16,
      "options": {
        "colorMode": "value",
        "graphMode": "area",
        "justifyMode": "auto",
        "orientation": "auto",
        "percentChangeColorMode": "standard",
        "reduceOptions": {
          "calcs": [
            "sum"
          ],
          "fields": "",
          "values": false
        },
        "showPercentChange": false,
        "textMode": "auto",
        "wideLayout": true
      },
      "pluginVersion": "11.1.3",
      "targets": [
        {
          "datasource": {
            "type": "prometheus",
            "uid": "${DS_PROMETHEUS}"
          },
          "disableTextWrap": false,
          "editorMode": "builder",
          "expr": "analyzeraudits",
          "format": "table",
          "fullMetaSearch": false,
          "includeNullMetadata": true,
          "instant": false,
          "legendFormat": "__auto",
          "range": true,
          "refId": "A",
          "useBackend": false
        }
      ],
      "title": "Scan Count",
      "transformations": [
        {
          "id": "groupBy",
          "options": {
            "fields": {
              "Value": {
                "aggregations": [
                  "count"
                ],
                "operation": "aggregate"
              },
              "applicationName": {
                "aggregations": []
              },
              "pageName": {
                "aggregations": []
              },
              "scans": {
                "aggregations": [],
                "operation": "groupby"
              }
            }
          }
        }
      ],
      "type": "stat"
    },
    {
      "datasource": {
        "type": "prometheus",
        "uid": "${DS_PROMETHEUS}"
      },
      "fieldConfig": {
        "defaults": {
          "color": {
            "mode": "palette-classic"
          },
          "custom": {
            "axisBorderShow": false,
            "axisCenteredZero": false,
            "axisColorMode": "text",
            "axisLabel": "",
            "axisPlacement": "auto",
            "fillOpacity": 80,
            "gradientMode": "none",
            "hideFrom": {
              "legend": false,
              "tooltip": false,
              "viz": false
            },
            "lineWidth": 1,
            "scaleDistribution": {
              "type": "linear"
            },
            "thresholdsStyle": {
              "mode": "area"
            }
          },
          "mappings": [],
          "thresholds": {
            "mode": "percentage",
            "steps": [
              {
                "color": "green"
              },
              {
                "color": "#EAB839",
                "value": 65
              },
              {
                "color": "red",
                "value": 80
              }
            ]
          }
        },
        "overrides": []
      },
      "gridPos": {
        "h": 9,
        "w": 24,
        "x": 0,
        "y": 27
      },
      "id": 10,
      "options": {
        "barRadius": 0,
        "barWidth": 0.97,
        "fullHighlight": false,
        "groupWidth": 0.7,
        "legend": {
          "calcs": [],
          "displayMode": "list",
          "placement": "bottom",
          "showLegend": true
        },
        "orientation": "horizontal",
        "showValue": "auto",
        "stacking": "none",
        "tooltip": {
          "mode": "single",
          "sort": "none"
        },
        "xField": "applicationName",
        "xTickLabelRotation": -15,
        "xTickLabelSpacing": 0
      },
      "targets": [
        {
          "datasource": {
            "type": "prometheus",
            "uid": "${DS_PROMETHEUS}"
          },
          "disableTextWrap": false,
          "editorMode": "code",
          "expr": "avg(analyzeraudits{accessibilityScore!=\"\"}) by (applicationName)",
          "format": "table",
          "fullMetaSearch": false,
          "hide": false,
          "includeNullMetadata": true,
          "instant": false,
          "legendFormat": "__auto",
          "range": true,
          "refId": "Performance",
          "useBackend": false
        },
        {
          "datasource": {
            "type": "prometheus",
            "uid": "${DS_PROMETHEUS}"
          },
          "editorMode": "code",
          "expr": "avg(analyzeraudits{accessibilityScore!=\"\"}) by (applicationName)",
          "format": "table",
          "hide": false,
          "instant": false,
          "legendFormat": "__auto",
          "range": true,
          "refId": "Accessibility"
        },
        {
          "datasource": {
            "type": "prometheus",
            "uid": "${DS_PROMETHEUS}"
          },
          "editorMode": "code",
          "expr": "avg(analyzeraudits{bestpracticesScore!=\"\"}) by (applicationName)\r\n",
          "format": "table",
          "hide": false,
          "instant": false,
          "legendFormat": "__auto",
          "range": true,
          "refId": "Best Practices"
        },
        {
          "datasource": {
            "type": "prometheus",
            "uid": "${DS_PROMETHEUS}"
          },
          "editorMode": "code",
          "expr": "avg(analyzeraudits{seoscore!=\"\"}) by (applicationName)",
          "format": "table",
          "hide": false,
          "instant": false,
          "legendFormat": "__auto",
          "range": true,
          "refId": "SEO"
        }
      ],
      "title": "Analyzer - General Audit Bar",
      "transformations": [
        {
          "id": "joinByField",
          "options": {
            "byField": "applicationName",
            "mode": "outer"
          }
        },
        {
          "id": "organize",
          "options": {
            "excludeByName": {
              "Time": true,
              "Value": false,
              "__name__": true,
              "buildId": true,
              "fetchTime": true,
              "instance": true,
              "job": true,
              "pageName": true,
              "pwascore": true,
              "requestedUrl": true,
              "scans": true
            },
            "includeByName": {},
            "indexByName": {},
            "renameByName": {
              "Value #Accessibility": "Accessibility",
              "Value #Best Practices": "Best Practices",
              "Value #Performance": "Performance",
              "Value #SEO": "SEO",
              "applicationName": "Application Name"
            }
          }
        },
        {
          "disabled": true,
          "id": "groupBy",
          "options": {
            "fields": {
              "Accessibility": {
                "aggregations": [
                  "diffperc"
                ],
                "operation": "aggregate"
              },
              "Application Name": {
                "aggregations": [],
                "operation": "groupby"
              },
              "Best Practices": {
                "aggregations": [
                  "diffperc"
                ],
                "operation": "aggregate"
              },
              "Performance": {
                "aggregations": [
                  "distinctCount"
                ],
                "operation": "aggregate"
              },
              "SEO": {
                "aggregations": [
                  "diffperc"
                ],
                "operation": "aggregate"
              }
            }
          }
        }
      ],
      "type": "barchart"
    }
  ],
  "schemaVersion": 39,
  "tags": [],
  "templating": {
    "list": []
  },
  "time": {
    "from": "now-6h",
    "to": "now"
  },
  "timepicker": {},
  "timezone": "browser",
  "title": "1. DEX Dashboard",
  "uid": "ddvgzfd0jw0zka",
  "version": 20,
  "weekStart": ""
}