{
  "__inputs": [
    {
      "name": "DS_PROMETHEUS",
      "label": "prometheus",
      "description": "",
      "type": "datasource",
      "pluginId": "prometheus",
      "pluginName": "Prometheus"
    }
  ],
  "__elements": {},
  "__requires": [
    {
      "type": "panel",
      "id": "gauge",
      "name": "Gauge",
      "version": ""
    },
    {
      "type": "grafana",
      "id": "grafana",
      "name": "Grafana",
      "version": "11.1.3"
    },
    {
      "type": "panel",
      "id": "piechart",
      "name": "Pie chart",
      "version": ""
    },
    {
      "type": "datasource",
      "id": "prometheus",
      "name": "Prometheus",
      "version": "1.0.0"
    },
    {
      "type": "panel",
      "id": "stat",
      "name": "Stat",
      "version": ""
    },
    {
      "type": "panel",
      "id": "table",
      "name": "Table",
      "version": ""
    },
    {
      "type": "panel",
      "id": "text",
      "name": "Text",
      "version": ""
    }
  ],
  "annotations": {
    "list": [
      {
        "builtIn": 1,
        "datasource": {
          "type": "grafana",
          "uid": "-- Grafana --"
        },
        "enable": true,
        "hide": true,
        "iconColor": "rgba(0, 211, 255, 1)",
        "name": "Annotations & Alerts",
        "type": "dashboard"
      }
    ]
  },
  "editable": true,
  "fiscalYearStartMonth": 0,
  "graphTooltip": 0,
  "id": null,
  "links": [],
  "panels": [
    {
      "datasource": {
        "type": "prometheus",
        "uid": "${DS_PROMETHEUS}"
      },
      "fieldConfig": {
        "defaults": {
          "color": {
            "mode": "continuous-RdYlGr"
          },
          "decimals": 2,
          "mappings": [],
          "thresholds": {
            "mode": "percentage",
            "steps": [
              {
                "color": "red",
                "value": null
              },
              {
                "color": "orange",
                "value": 60
              },
              {
                "color": "green",
                "value": 85
              }
            ]
          },
          "unit": "percentunit"
        },
        "overrides": [
          {
            "matcher": {
              "id": "byName",
              "options": "Time"
            },
            "properties": []
          }
        ]
      },
      "gridPos": {
        "h": 9,
        "w": 6,
        "x": 0,
        "y": 0
      },
      "id": 2,
      "options": {
        "minVizHeight": 144,
        "minVizWidth": 75,
        "orientation": "auto",
        "reduceOptions": {
          "calcs": [
            "lastNotNull"
          ],
          "fields": "/^performanceScore$/",
          "values": false
        },
        "showThresholdLabels": true,
        "showThresholdMarkers": true,
        "sizing": "manual",
        "text": {
          "valueSize": 22
        }
      },
      "pluginVersion": "11.1.3",
      "targets": [
        {
          "datasource": {
            "type": "prometheus",
            "uid": "${DS_PROMETHEUS}"
          },
          "disableTextWrap": false,
          "editorMode": "builder",
          "exemplar": false,
          "expr": "avg by(performanceScore) (analyzeraudits)",
          "format": "table",
          "fullMetaSearch": false,
          "includeNullMetadata": true,
          "instant": false,
          "legendFormat": "__auto",
          "range": true,
          "refId": "A",
          "useBackend": false
        }
      ],
      "title": "Analyzer - Performance Overall Score",
      "type": "gauge"
    },
    {
      "datasource": {
        "type": "prometheus",
        "uid": "${DS_PROMETHEUS}"
      },
      "fieldConfig": {
        "defaults": {
          "color": {
            "mode": "thresholds"
          },
          "custom": {
            "align": "left",
            "cellOptions": {
              "type": "auto"
            },
            "inspect": false
          },
          "mappings": [],
          "thresholds": {
            "mode": "percentage",
            "steps": [
              {
                "color": "green",
                "value": null
              },
              {
                "color": "#EAB839",
                "value": 65
              },
              {
                "color": "red",
                "value": 80
              }
            ]
          },
          "unit": "percentunit"
        },
        "overrides": [
          {
            "matcher": {
              "id": "byName",
              "options": "Performance Score"
            },
            "properties": [
              {
                "id": "custom.cellOptions",
                "value": {
                  "type": "color-text"
                }
              }
            ]
          },
          {
            "matcher": {
              "id": "byName",
              "options": "Page Name"
            },
            "properties": [
              {
                "id": "custom.width",
                "value": 249
              }
            ]
          }
        ]
      },
      "gridPos": {
        "h": 9,
        "w": 8,
        "x": 6,
        "y": 0
      },
      "id": 4,
      "options": {
        "cellHeight": "sm",
        "footer": {
          "countRows": false,
          "fields": "",
          "reducer": [
            "sum"
          ],
          "show": false
        },
        "frameIndex": 0,
        "showHeader": true,
        "sortBy": []
      },
      "pluginVersion": "11.1.3",
      "targets": [
        {
          "datasource": {
            "type": "prometheus",
            "uid": "${DS_PROMETHEUS}"
          },
          "disableTextWrap": false,
          "editorMode": "builder",
          "expr": "avg by(performanceScore, pageName) (analyzeraudits)",
          "format": "table",
          "fullMetaSearch": false,
          "includeNullMetadata": true,
          "instant": false,
          "legendFormat": "__auto",
          "range": true,
          "refId": "A",
          "useBackend": false
        }
      ],
      "title": "Analyzer - Page Performance",
      "transformations": [
        {
          "id": "organize",
          "options": {
            "excludeByName": {
              "Time": true,
              "Value": true
            },
            "includeByName": {},
            "indexByName": {},
            "renameByName": {
              "Value": "",
              "pageName": "Page Name",
              "performanceScore": "Performance Score"
            }
          }
        },
        {
          "id": "groupBy",
          "options": {
            "fields": {
              "Page Name": {
                "aggregations": [],
                "operation": "groupby"
              },
              "Performance Score": {
                "aggregations": [
                  "lastNotNull"
                ],
                "operation": "aggregate"
              }
            }
          }
        }
      ],
      "type": "table"
    },
    {
      "datasource": {
        "type": "prometheus",
        "uid": "${DS_PROMETHEUS}"
      },
      "fieldConfig": {
        "defaults": {
          "color": {
            "mode": "thresholds"
          },
          "custom": {
            "align": "left",
            "cellOptions": {
              "type": "auto"
            },
            "inspect": false
          },
          "mappings": [],
          "thresholds": {
            "mode": "absolute",
            "steps": [
              {
                "color": "green",
                "value": null
              },
              {
                "color": "red",
                "value": 80
              }
            ]
          }
        },
        "overrides": []
      },
      "gridPos": {
        "h": 9,
        "w": 10,
        "x": 14,
        "y": 0
      },
      "id": 7,
      "options": {
        "cellHeight": "sm",
        "footer": {
          "countRows": false,
          "fields": "",
          "reducer": [
            "sum"
          ],
          "show": false
        },
        "showHeader": true,
        "sortBy": [
          {
            "desc": true,
            "displayName": "Numeric Values (lastNotNull)"
          }
        ]
      },
      "pluginVersion": "11.1.3",
      "targets": [
        {
          "datasource": {
            "type": "prometheus",
            "uid": "${DS_PROMETHEUS}"
          },
          "disableTextWrap": false,
          "editorMode": "code",
          "expr": "avg by(title, numericValue) (analyzerperfmetrics{title=~\"Speed Index|First Contentful Paint|First Meaningful Paint|Largest Contentful Paint|Total Blocking Time|Cumulative Layout Shift\"})",
          "format": "table",
          "fullMetaSearch": false,
          "includeNullMetadata": true,
          "instant": false,
          "legendFormat": "__auto",
          "range": true,
          "refId": "A",
          "useBackend": false
        }
      ],
      "title": "Analyzer - Metrics",
      "transformations": [
        {
          "id": "organize",
          "options": {
            "excludeByName": {
              "Time": true,
              "Value": true
            },
            "includeByName": {},
            "indexByName": {
              "Time": 0,
              "Value": 3,
              "numericValue": 2,
              "title": 1
            },
            "renameByName": {
              "numericValue": "Numeric Values",
              "title": "Web Core Vitals"
            }
          }
        },
        {
          "id": "groupBy",
          "options": {
            "fields": {
              "Numeric Values": {
                "aggregations": [
                  "lastNotNull"
                ],
                "operation": "aggregate"
              },
              "Web Core Vitals": {
                "aggregations": [],
                "operation": "groupby"
              }
            }
          }
        }
      ],
      "type": "table"
    },
    {
      "datasource": {
        "type": "prometheus",
        "uid": "${DS_PROMETHEUS}"
      },
      "gridPos": {
        "h": 15,
        "w": 9,
        "x": 0,
        "y": 9
      },
      "id": 8,
      "options": {
        "code": {
          "language": "plaintext",
          "showLineNumbers": false,
          "showMiniMap": false
        },
        "content": "# Manual Performance Testing #\n### Below are the areas where you need to test performance manually: ###\n\n- *How much memory is needed to process the request*\n- *Measured by kilobytes per second, throughput shows the amount of bandwidth used during the test*\n- *How much time the CPU needs to process requests*\n- *A measurement of the total numbers of successful or unsuccessful requests*\n- *This the most common measure of load — how many active users at any point*\n- *How many requests are handled*\n- *Calculate percentage of requests resulting in errors compared to all requests*\n- *Measure the longest amount of time it takes to fulfill a request. A peak response time that is significantly longer than average may indicate an anomaly that will create problems*\n- *The average amount of time it takes to deliver every request is a major indicator of quality from a user’s perspective*\n- *How long it takes to receive the first byte after a request is sent*\n- *Total time to send a request and get a response*",
        "mode": "markdown"
      },
      "pluginVersion": "11.1.3",
      "type": "text"
    },
    {
      "datasource": {
        "type": "prometheus",
        "uid": "${DS_PROMETHEUS}"
      },
      "fieldConfig": {
        "defaults": {
          "color": {
            "mode": "thresholds"
          },
          "custom": {
            "align": "left",
            "cellOptions": {
              "type": "auto"
            },
            "inspect": false
          },
          "mappings": [],
          "noValue": "-",
          "thresholds": {
            "mode": "absolute",
            "steps": [
              {
                "color": "green",
                "value": null
              },
              {
                "color": "red",
                "value": 80
              }
            ]
          },
          "unit": "clockms"
        },
        "overrides": [
          {
            "matcher": {
              "id": "byName",
              "options": "Web Core Vitals"
            },
            "properties": [
              {
                "id": "custom.width",
                "value": 184
              }
            ]
          },
          {
            "matcher": {
              "id": "byName",
              "options": "Description"
            },
            "properties": [
              {
                "id": "custom.width",
                "value": 447
              }
            ]
          },
          {
            "matcher": {
              "id": "byName",
              "options": "Description (lastNotNull)"
            },
            "properties": [
              {
                "id": "custom.width",
                "value": 486
              }
            ]
          }
        ]
      },
      "gridPos": {
        "h": 15,
        "w": 15,
        "x": 9,
        "y": 9
      },
      "id": 6,
      "options": {
        "cellHeight": "md",
        "footer": {
          "countRows": false,
          "fields": "",
          "reducer": [
            "sum"
          ],
          "show": false
        },
        "showHeader": true,
        "sortBy": [
          {
            "desc": true,
            "displayName": "Time (ms) (lastNotNull)"
          }
        ]
      },
      "pluginVersion": "11.1.3",
      "targets": [
        {
          "datasource": {
            "type": "prometheus",
            "uid": "${DS_PROMETHEUS}"
          },
          "disableTextWrap": false,
          "editorMode": "code",
          "expr": "avg by (title,numericValue,description) (analyzerperfmetrics{title=~\"Speed Index|First Contentful Paint|First Meaningful Paint|Largest Contentful Paint|Total Blocking Time|Cumulative Layout Shift\"}) ",
          "format": "table",
          "fullMetaSearch": false,
          "includeNullMetadata": true,
          "instant": false,
          "legendFormat": "__auto",
          "range": true,
          "refId": "A",
          "useBackend": false
        }
      ],
      "title": "Analyzer - Metrics Web Core Vitals",
      "transformations": [
        {
          "id": "organize",
          "options": {
            "excludeByName": {
              "Time": true,
              "Value": true,
              "__name__": true,
              "applicationName": true,
              "blockingTime": true,
              "buildId": true,
              "cacheLifetimeMs": true,
              "description": false,
              "displayValue": true,
              "duration": true,
              "endTime": true,
              "fetchTime": true,
              "group": true,
              "instance": true,
              "isPass": true,
              "job": true,
              "label": true,
              "lhId": true,
              "mimeType": true,
              "origin": true,
              "overallSavingsMs": true,
              "pageName": true,
              "path": true,
              "protocol": true,
              "requestCount": true,
              "requestedUrl": true,
              "resourceSize": true,
              "resourceType": true,
              "rtt": true,
              "score": true,
              "scriptParseCompile": true,
              "scripting": true,
              "selector": true,
              "serverResponseTime": true,
              "startTime": true,
              "statistic": true,
              "statusCode": true,
              "total": true,
              "totalBytes": true,
              "transferSize": true,
              "url": true,
              "value": true,
              "wastedBytes": true,
              "wastedMs": true,
              "wastedPercent": true
            },
            "includeByName": {},
            "indexByName": {
              "Time": 0,
              "Value": 4,
              "description": 2,
              "numericValue": 3,
              "title": 1
            },
            "renameByName": {
              "description": "Description",
              "numericValue": "Time (ms)",
              "title": "Web Core Vitals"
            }
          }
        },
        {
          "id": "groupBy",
          "options": {
            "fields": {
              "Description": {
                "aggregations": [
                  "lastNotNull"
                ],
                "operation": "aggregate"
              },
              "Time (ms)": {
                "aggregations": [
                  "lastNotNull"
                ],
                "operation": "aggregate"
              },
              "Web Core Vitals": {
                "aggregations": [],
                "operation": "groupby"
              }
            }
          }
        }
      ],
      "type": "table"
    },
    {
      "datasource": {
        "type": "prometheus",
        "uid": "${DS_PROMETHEUS}"
      },
      "fieldConfig": {
        "defaults": {
          "color": {
            "mode": "thresholds"
          },
          "custom": {
            "align": "left",
            "cellOptions": {
              "type": "auto"
            },
            "filterable": true,
            "inspect": false
          },
          "mappings": [],
          "thresholds": {
            "mode": "absolute",
            "steps": [
              {
                "color": "green"
              },
              {
                "color": "red",
                "value": 80
              }
            ]
          }
        },
        "overrides": [
          {
            "matcher": {
              "id": "byName",
              "options": "Server Latency"
            },
            "properties": [
              {
                "id": "custom.width",
                "value": 102
              }
            ]
          },
          {
            "matcher": {
              "id": "byName",
              "options": "Total Requests"
            },
            "properties": [
              {
                "id": "custom.width",
                "value": 82
              }
            ]
          },
          {
            "matcher": {
              "id": "byName",
              "options": "Total number of tasks"
            },
            "properties": [
              {
                "id": "custom.width",
                "value": 76
              }
            ]
          },
          {
            "matcher": {
              "id": "byName",
              "options": "Throughput"
            },
            "properties": [
              {
                "id": "custom.width",
                "value": 117
              }
            ]
          },
          {
            "matcher": {
              "id": "byName",
              "options": "Page Name"
            },
            "properties": [
              {
                "id": "custom.width",
                "value": 118
              }
            ]
          }
        ]
      },
      "gridPos": {
        "h": 10,
        "w": 13,
        "x": 0,
        "y": 24
      },
      "id": 9,
      "options": {
        "cellHeight": "md",
        "footer": {
          "countRows": false,
          "fields": "",
          "reducer": [],
          "show": true
        },
        "showHeader": true,
        "sortBy": [
          {
            "desc": true,
            "displayName": "Server Latency"
          }
        ]
      },
      "pluginVersion": "11.1.3",
      "targets": [
        {
          "datasource": {
            "type": "prometheus",
            "uid": "${DS_PROMETHEUS}"
          },
          "disableTextWrap": false,
          "editorMode": "builder",
          "expr": "avg by(pageName, maxServerLatency, numRequests, numTasks, throughput, totalTaskTime) (analyzerperfdiagnostics)",
          "format": "table",
          "fullMetaSearch": false,
          "includeNullMetadata": true,
          "instant": false,
          "legendFormat": "__auto",
          "range": true,
          "refId": "A",
          "useBackend": false
        }
      ],
      "title": "Analyzer - Performance Server Latency",
      "transformations": [
        {
          "id": "organize",
          "options": {
            "excludeByName": {
              "Time": true,
              "Value": true
            },
            "includeByName": {},
            "indexByName": {
              "Time": 0,
              "Value": 7,
              "maxServerLatency": 2,
              "numRequests": 3,
              "numTasks": 4,
              "pageName": 1,
              "throughput": 5,
              "totalTaskTime": 6
            },
            "renameByName": {
              "maxServerLatency": "Server Latency",
              "numRequests": "Total Requests",
              "numTasks": "Total number of tasks",
              "pageName": "Page Name",
              "throughput": "Throughput",
              "totalTaskTime": "Total Task Time"
            }
          }
        }
      ],
      "type": "table"
    },
    {
      "datasource": {
        "type": "prometheus",
        "uid": "${DS_PROMETHEUS}"
      },
      "fieldConfig": {
        "defaults": {
          "color": {
            "mode": "palette-classic"
          },
          "custom": {
            "hideFrom": {
              "legend": false,
              "tooltip": false,
              "viz": false
            }
          },
          "mappings": []
        },
        "overrides": [
          {
            "matcher": {
              "id": "byName",
              "options": "count by(mimeType) (analyzerperfmetrics)"
            },
            "properties": [
              {
                "id": "custom.hideFrom",
                "value": {
                  "legend": true,
                  "tooltip": true,
                  "viz": true
                }
              }
            ]
          }
        ]
      },
      "gridPos": {
        "h": 10,
        "w": 11,
        "x": 13,
        "y": 24
      },
      "id": 3,
      "options": {
        "displayLabels": [
          "percent"
        ],
        "legend": {
          "displayMode": "table",
          "placement": "right",
          "showLegend": true,
          "values": [
            "value"
          ]
        },
        "pieType": "pie",
        "reduceOptions": {
          "calcs": [
            "mean"
          ],
          "fields": "",
          "values": false
        },
        "tooltip": {
          "mode": "multi",
          "sort": "none"
        }
      },
      "targets": [
        {
          "datasource": {
            "type": "prometheus",
            "uid": "${DS_PROMETHEUS}"
          },
          "disableTextWrap": false,
          "editorMode": "builder",
          "expr": "count by(mimeType) (analyzerperfmetrics)",
          "fullMetaSearch": false,
          "includeNullMetadata": true,
          "instant": false,
          "legendFormat": "__auto",
          "range": true,
          "refId": "A",
          "useBackend": false
        }
      ],
      "title": "Analyzer - Mime Pie Chart",
      "type": "piechart"
    },
    {
      "datasource": {
        "type": "prometheus",
        "uid": "${DS_PROMETHEUS}"
      },
      "gridPos": {
        "h": 2,
        "w": 24,
        "x": 0,
        "y": 34
      },
      "id": 10,
      "options": {
        "code": {
          "language": "plaintext",
          "showLineNumbers": false,
          "showMiniMap": false
        },
        "content": ">[*Performance Groups*]()",
        "mode": "markdown"
      },
      "pluginVersion": "11.1.3",
      "type": "text"
    },
    {
      "datasource": {
        "type": "prometheus",
        "uid": "${DS_PROMETHEUS}"
      },
      "fieldConfig": {
        "defaults": {
          "color": {
            "mode": "thresholds"
          },
          "mappings": [],
          "thresholds": {
            "mode": "absolute",
            "steps": [
              {
                "color": "green"
              },
              {
                "color": "red",
                "value": 80
              }
            ]
          }
        },
        "overrides": []
      },
      "gridPos": {
        "h": 7,
        "w": 6,
        "x": 0,
        "y": 36
      },
      "id": 11,
      "links": [
        {
          "targetBlank": true,
          "title": "DEX - Performance Metrics Dashboard",
          "url": "http://localhost:8084/goto/Z2EJAh3Ig?orgId=1"
        }
      ],
      "options": {
        "colorMode": "value",
        "graphMode": "area",
        "justifyMode": "auto",
        "orientation": "auto",
        "percentChangeColorMode": "standard",
        "reduceOptions": {
          "calcs": [
            "lastNotNull"
          ],
          "fields": "",
          "values": false
        },
        "showPercentChange": false,
        "textMode": "auto",
        "wideLayout": true
      },
      "pluginVersion": "11.1.3",
      "targets": [
        {
          "datasource": {
            "type": "prometheus",
            "uid": "${DS_PROMETHEUS}"
          },
          "editorMode": "code",
          "expr": "count(analyzerperfmetrics{title=~\"First Contentful Paint|First Meaningful Paint|Speed Index|Time to Interactive|Total Blocking Time|Largest Contentful Paint|Max Potential First Input Delay\"})",
          "hide": false,
          "instant": false,
          "legendFormat": "__auto",
          "range": true,
          "refId": "A"
        }
      ],
      "title": "Performance Metric Count",
      "type": "stat"
    },
    {
      "datasource": {
        "type": "prometheus",
        "uid": "${DS_PROMETHEUS}"
      },
      "fieldConfig": {
        "defaults": {
          "color": {
            "mode": "thresholds"
          },
          "mappings": [],
          "thresholds": {
            "mode": "absolute",
            "steps": [
              {
                "color": "green"
              },
              {
                "color": "red",
                "value": 80
              }
            ]
          }
        },
        "overrides": []
      },
      "gridPos": {
        "h": 7,
        "w": 6,
        "x": 6,
        "y": 36
      },
      "id": 12,
      "links": [
        {
          "targetBlank": true,
          "title": "DEX - Performance Opportunity Dashboard",
          "url": "http://localhost:8084/goto/p778St3IR?orgId=1"
        }
      ],
      "options": {
        "colorMode": "value",
        "graphMode": "area",
        "justifyMode": "auto",
        "orientation": "auto",
        "percentChangeColorMode": "standard",
        "reduceOptions": {
          "calcs": [
            "lastNotNull"
          ],
          "fields": "",
          "values": false
        },
        "showPercentChange": false,
        "textMode": "auto",
        "wideLayout": true
      },
      "pluginVersion": "11.1.3",
      "targets": [
        {
          "datasource": {
            "type": "prometheus",
            "uid": "${DS_PROMETHEUS}"
          },
          "disableTextWrap": false,
          "editorMode": "code",
          "expr": "count(count by (title) (analyzerperfoppo))\r\n",
          "fullMetaSearch": false,
          "hide": false,
          "includeNullMetadata": true,
          "instant": false,
          "legendFormat": "__auto",
          "range": true,
          "refId": "A",
          "useBackend": false
        }
      ],
      "title": "Performance Opportunity Count",
      "type": "stat"
    },
    {
      "datasource": {
        "type": "prometheus",
        "uid": "${DS_PROMETHEUS}"
      },
      "fieldConfig": {
        "defaults": {
          "color": {
            "mode": "thresholds"
          },
          "mappings": [],
          "thresholds": {
            "mode": "absolute",
            "steps": [
              {
                "color": "green"
              },
              {
                "color": "red",
                "value": 80
              }
            ]
          }
        },
        "overrides": []
      },
      "gridPos": {
        "h": 7,
        "w": 6,
        "x": 12,
        "y": 36
      },
      "id": 13,
      "links": [
        {
          "targetBlank": true,
          "title": "DEX - Performance Network Dashboard",
          "url": "http://localhost:8084/goto/B-8dJ2qIg?orgId=1"
        }
      ],
      "options": {
        "colorMode": "value",
        "graphMode": "area",
        "justifyMode": "auto",
        "orientation": "auto",
        "percentChangeColorMode": "standard",
        "reduceOptions": {
          "calcs": [
            "lastNotNull"
          ],
          "fields": "",
          "values": false
        },
        "showPercentChange": false,
        "textMode": "auto",
        "wideLayout": true
      },
      "pluginVersion": "11.1.3",
      "targets": [
        {
          "datasource": {
            "type": "prometheus",
            "uid": "${DS_PROMETHEUS}"
          },
          "editorMode": "code",
          "expr": "count(count by (title) (analyzerperfmetrics{title=~\"Network Requests|Network Round Trip Times|Server Backend Latencies|Keep request counts low and transfer sizes small|Avoid enormous network payloads\"}))",
          "hide": false,
          "instant": false,
          "legendFormat": "__auto",
          "range": true,
          "refId": "A"
        }
      ],
      "title": "Performance Network Count",
      "type": "stat"
    },
    {
      "datasource": {
        "type": "prometheus",
        "uid": "${DS_PROMETHEUS}"
      },
      "fieldConfig": {
        "defaults": {
          "color": {
            "mode": "thresholds"
          },
          "mappings": [],
          "thresholds": {
            "mode": "absolute",
            "steps": [
              {
                "color": "green"
              },
              {
                "color": "red",
                "value": 80
              }
            ]
          }
        },
        "overrides": []
      },
      "gridPos": {
        "h": 7,
        "w": 6,
        "x": 18,
        "y": 36
      },
      "id": 14,
      "links": [
        {
          "targetBlank": true,
          "title": "DEX - Performance Diagnostic Dashboard",
          "url": "http://localhost:8084/goto/W9CIGoqSR?orgId=1"
        }
      ],
      "options": {
        "colorMode": "value",
        "graphMode": "area",
        "justifyMode": "auto",
        "orientation": "auto",
        "percentChangeColorMode": "standard",
        "reduceOptions": {
          "calcs": [
            "lastNotNull"
          ],
          "fields": "",
          "values": false
        },
        "showPercentChange": false,
        "textMode": "auto",
        "wideLayout": true
      },
      "pluginVersion": "11.1.3",
      "targets": [
        {
          "datasource": {
            "type": "prometheus",
            "uid": "${DS_PROMETHEUS}"
          },
          "editorMode": "code",
          "expr": "count(analyzerperfmetrics{title=~\"First Contentful Paint|First Meaningful Paint|Speed Index|Time to Interactive|Total Blocking Time|Largest Contentful Paint|Max Potential First Input Delay\"})",
          "hide": true,
          "instant": false,
          "legendFormat": "__auto",
          "range": true,
          "refId": "A"
        },
        {
          "datasource": {
            "type": "prometheus",
            "uid": "${DS_PROMETHEUS}"
          },
          "disableTextWrap": false,
          "editorMode": "code",
          "expr": "count(count by (title) (analyzerperfmetrics{group=\"Diagnostics\", title!~\"Keep request counts low and transfer sizes small|Avoid enormous network payloads\"}))\r\n",
          "fullMetaSearch": false,
          "hide": false,
          "includeNullMetadata": true,
          "instant": false,
          "legendFormat": "__auto",
          "range": true,
          "refId": "B",
          "useBackend": false
        }
      ],
      "title": "Performance Diagnostic Count",
      "type": "stat"
    }
  ],
  "refresh": "auto",
  "schemaVersion": 39,
  "tags": [],
  "templating": {
    "list": [
      {
        "datasource": {
          "type": "prometheus",
          "uid": "advgjmtb35ssgc"
        },
        "filters": [],
        "hide": 0,
        "label": "Analyzer - Compare Control",
        "name": "Custom",
        "skipUrlSync": false,
        "type": "adhoc"
      }
    ]
  },
  "time": {
    "from": "now-6h",
    "to": "now"
  },
  "timepicker": {},
  "timezone": "browser",
  "title": "2. DEX - Performance Dashboard",
  "uid": "cdvj1hggzksg0d",
  "version": 25,
  "weekStart": ""
}