{
  "__inputs": [
    {
      "name": "DS_PROMETHEUS",
      "label": "prometheus",
      "description": "",
      "type": "datasource",
      "pluginId": "prometheus",
      "pluginName": "Prometheus"
    }
  ],
  "__elements": {},
  "__requires": [
    {
      "type": "panel",
      "id": "gauge",
      "name": "Gauge",
      "version": ""
    },
    {
      "type": "grafana",
      "id": "grafana",
      "name": "Grafana",
      "version": "11.1.3"
    },
    {
      "type": "panel",
      "id": "piechart",
      "name": "Pie chart",
      "version": ""
    },
    {
      "type": "datasource",
      "id": "prometheus",
      "name": "Prometheus",
      "version": "1.0.0"
    },
    {
      "type": "panel",
      "id": "table",
      "name": "Table",
      "version": ""
    },
    {
      "type": "panel",
      "id": "text",
      "name": "Text",
      "version": ""
    }
  ],
  "annotations": {
    "list": [
      {
        "builtIn": 1,
        "datasource": {
          "type": "grafana",
          "uid": "-- Grafana --"
        },
        "enable": true,
        "hide": true,
        "iconColor": "rgba(0, 211, 255, 1)",
        "name": "Annotations & Alerts",
        "type": "dashboard"
      }
    ]
  },
  "editable": true,
  "fiscalYearStartMonth": 0,
  "graphTooltip": 0,
  "id": null,
  "links": [],
  "panels": [
    {
      "datasource": {
        "type": "prometheus",
        "uid": "${DS_PROMETHEUS}"
      },
      "fieldConfig": {
        "defaults": {
          "color": {
            "mode": "continuous-RdYlGr"
          },
          "decimals": 2,
          "mappings": [],
          "thresholds": {
            "mode": "percentage",
            "steps": [
              {
                "color": "red",
                "value": null
              },
              {
                "color": "orange",
                "value": 60
              },
              {
                "color": "green",
                "value": 85
              }
            ]
          },
          "unit": "percentunit"
        },
        "overrides": [
          {
            "matcher": {
              "id": "byName",
              "options": "Time"
            },
            "properties": []
          }
        ]
      },
      "gridPos": {
        "h": 8,
        "w": 5,
        "x": 0,
        "y": 0
      },
      "id": 8,
      "options": {
        "minVizHeight": 144,
        "minVizWidth": 75,
        "orientation": "auto",
        "reduceOptions": {
          "calcs": [
            "lastNotNull"
          ],
          "fields": "/^accessibilityScore$/",
          "values": false
        },
        "showThresholdLabels": true,
        "showThresholdMarkers": true,
        "sizing": "manual",
        "text": {
          "valueSize": 22
        }
      },
      "pluginVersion": "11.1.3",
      "targets": [
        {
          "datasource": {
            "type": "prometheus",
            "uid": "${DS_PROMETHEUS}"
          },
          "disableTextWrap": false,
          "editorMode": "builder",
          "exemplar": false,
          "expr": "avg by(accessibilityScore) (analyzeraudits)",
          "format": "table",
          "fullMetaSearch": false,
          "includeNullMetadata": true,
          "instant": false,
          "legendFormat": "__auto",
          "range": true,
          "refId": "A",
          "useBackend": false
        }
      ],
      "title": "Analyzer - Accessibility Overall Score",
      "type": "gauge"
    },
    {
      "datasource": {
        "type": "prometheus",
        "uid": "${DS_PROMETHEUS}"
      },
      "fieldConfig": {
        "defaults": {
          "color": {
            "mode": "palette-classic"
          },
          "custom": {
            "hideFrom": {
              "legend": false,
              "tooltip": false,
              "viz": false
            }
          },
          "mappings": []
        },
        "overrides": []
      },
      "gridPos": {
        "h": 8,
        "w": 7,
        "x": 5,
        "y": 0
      },
      "id": 6,
      "options": {
        "displayLabels": [],
        "legend": {
          "displayMode": "list",
          "placement": "right",
          "showLegend": true,
          "values": [
            "value"
          ]
        },
        "pieType": "pie",
        "reduceOptions": {
          "calcs": [
            "lastNotNull"
          ],
          "fields": "",
          "values": false
        },
        "tooltip": {
          "mode": "multi",
          "sort": "none"
        }
      },
      "targets": [
        {
          "datasource": {
            "type": "prometheus",
            "uid": "${DS_PROMETHEUS}"
          },
          "disableTextWrap": false,
          "editorMode": "builder",
          "expr": "count by(impact) (analyzeraccissues)",
          "fullMetaSearch": false,
          "includeNullMetadata": true,
          "instant": false,
          "legendFormat": "__auto",
          "range": true,
          "refId": "A",
          "useBackend": false
        }
      ],
      "title": "Analyzer- Accessibility Impacts",
      "type": "piechart"
    },
    {
      "datasource": {
        "type": "prometheus",
        "uid": "${DS_PROMETHEUS}"
      },
      "fieldConfig": {
        "defaults": {
          "color": {
            "mode": "continuous-GrYlRd"
          },
          "custom": {
            "align": "left",
            "cellOptions": {
              "type": "auto"
            },
            "filterable": false,
            "inspect": false
          },
          "fieldMinMax": true,
          "mappings": [],
          "thresholds": {
            "mode": "percentage",
            "steps": [
              {
                "color": "green",
                "value": null
              },
              {
                "color": "orange",
                "value": 65
              },
              {
                "color": "red",
                "value": 80
              }
            ]
          },
          "unit": "percentunit"
        },
        "overrides": [
          {
            "matcher": {
              "id": "byName",
              "options": "Time"
            },
            "properties": [
              {
                "id": "custom.hidden",
                "value": true
              }
            ]
          },
          {
            "matcher": {
              "id": "byName",
              "options": "accessibilityScore"
            },
            "properties": [
              {
                "id": "custom.cellOptions",
                "value": {
                  "type": "color-background"
                }
              }
            ]
          },
          {
            "matcher": {
              "id": "byName",
              "options": "Value"
            },
            "properties": [
              {
                "id": "custom.hidden",
                "value": true
              }
            ]
          }
        ]
      },
      "gridPos": {
        "h": 8,
        "w": 12,
        "x": 12,
        "y": 0
      },
      "id": 7,
      "options": {
        "cellHeight": "sm",
        "footer": {
          "countRows": false,
          "fields": "",
          "reducer": [
            "sum"
          ],
          "show": false
        },
        "frameIndex": 1,
        "showHeader": true,
        "sortBy": []
      },
      "pluginVersion": "11.1.3",
      "targets": [
        {
          "datasource": {
            "type": "prometheus",
            "uid": "${DS_PROMETHEUS}"
          },
          "disableTextWrap": false,
          "editorMode": "builder",
          "exemplar": false,
          "expr": "count by(pageName, accessibilityScore) (analyzeraudits)",
          "format": "table",
          "fullMetaSearch": false,
          "includeNullMetadata": true,
          "instant": true,
          "interval": "",
          "legendFormat": "__auto",
          "range": false,
          "refId": "A",
          "useBackend": false
        }
      ],
      "title": "Analyzer - Page Accessibility Score",
      "transformations": [
        {
          "id": "organize",
          "options": {
            "excludeByName": {},
            "includeByName": {},
            "indexByName": {
              "Time": 0,
              "Value": 3,
              "accessibilityScore": 2,
              "pageName": 1
            },
            "renameByName": {
              "accessibilityScore": "Accessibility Score",
              "pageName": "Page Name"
            }
          }
        }
      ],
      "type": "table"
    },
    {
      "datasource": {
        "type": "prometheus",
        "uid": "${DS_PROMETHEUS}"
      },
      "gridPos": {
        "h": 11,
        "w": 12,
        "x": 0,
        "y": 8
      },
      "id": 12,
      "options": {
        "code": {
          "language": "plaintext",
          "showLineNumbers": false,
          "showMiniMap": false
        },
        "content": "# Manual Best Practices Testing #\n### Below are the areas where you need to test best practices manually: ###\n\n- *Does website use HTTPS*\n- *Rely only on a controlled security environment for testing*\n- *Main value propositions of business should be easily accessible via main navigations/menu items*\n- *Intuitive website design and page layout*\n- *Pages shouldn't have to be cluttered, littered with ads, CTAs, or links, or void of internal links*\n- *A ton of distractions along the way can create friction on site visitors*\n- *Avoid to request geolocation permission on page load*\n- *Should include front-end JavaScript libraries with known security vulnerabilities*\n- *Images to display should have correct aspect ratio*\n- *Page has the HTML doctype*\n- *Browser errors are getting logged to the console*\n- *Avoid using deprecated APIs*\n- *Ensure Content Security Policy is effective against XSS attacks*",
        "mode": "markdown"
      },
      "pluginVersion": "11.1.3",
      "type": "text"
    },
    {
      "datasource": {
        "type": "prometheus",
        "uid": "${DS_PROMETHEUS}"
      },
      "fieldConfig": {
        "defaults": {
          "color": {
            "mode": "continuous-GrYlRd"
          },
          "custom": {
            "align": "left",
            "cellOptions": {
              "type": "auto"
            },
            "filterable": false,
            "inspect": false
          },
          "fieldMinMax": true,
          "mappings": [],
          "thresholds": {
            "mode": "percentage",
            "steps": [
              {
                "color": "green",
                "value": null
              },
              {
                "color": "orange",
                "value": 65
              },
              {
                "color": "red",
                "value": 80
              }
            ]
          }
        },
        "overrides": [
          {
            "matcher": {
              "id": "byName",
              "options": "Time"
            },
            "properties": [
              {
                "id": "custom.hidden",
                "value": true
              }
            ]
          },
          {
            "matcher": {
              "id": "byName",
              "options": "accessibilityScore"
            },
            "properties": [
              {
                "id": "custom.cellOptions",
                "value": {
                  "type": "color-background"
                }
              }
            ]
          }
        ]
      },
      "gridPos": {
        "h": 11,
        "w": 12,
        "x": 12,
        "y": 8
      },
      "id": 9,
      "options": {
        "cellHeight": "md",
        "footer": {
          "countRows": false,
          "fields": "",
          "reducer": [
            "sum"
          ],
          "show": false
        },
        "frameIndex": 1,
        "showHeader": true,
        "sortBy": []
      },
      "pluginVersion": "11.1.3",
      "targets": [
        {
          "datasource": {
            "type": "prometheus",
            "uid": "${DS_PROMETHEUS}"
          },
          "disableTextWrap": false,
          "editorMode": "builder",
          "exemplar": false,
          "expr": "count by(title, description) (analyzeraccpassaudits)",
          "format": "table",
          "fullMetaSearch": false,
          "includeNullMetadata": true,
          "instant": true,
          "interval": "",
          "legendFormat": "__auto",
          "range": false,
          "refId": "A",
          "useBackend": false
        }
      ],
      "title": "Analyzer - Accessibility Passed Audits",
      "transformations": [
        {
          "id": "organize",
          "options": {
            "excludeByName": {
              "Time": true
            },
            "includeByName": {},
            "indexByName": {
              "Time": 0,
              "Value": 3,
              "description": 2,
              "title": 1
            },
            "renameByName": {
              "Value": "Occurrences",
              "description": "Description",
              "title": "Accessibility Passed Audits"
            }
          }
        }
      ],
      "type": "table"
    },
    {
      "datasource": {
        "type": "prometheus",
        "uid": "${DS_PROMETHEUS}"
      },
      "gridPos": {
        "h": 13,
        "w": 24,
        "x": 0,
        "y": 19
      },
      "id": 13,
      "options": {
        "code": {
          "language": "plaintext",
          "showLineNumbers": false,
          "showMiniMap": false
        },
        "content": "# **Accessibility Guidelines** #\n\n*The web can only become an accessible, inclusive space if developers are empowered to take responsibility for accessibility testing and accessible coding practices.\nAutomated accessibility testing is a huge timesaver, it doesn't require special expertise, and it allows teams to focus expert resources on the accessibility issues that really need them. Unfortunately, most accessibility tools are meant to be run on sites and applications that have reached the end of the development process and often don't give clear or consistent results, causing frustration and delays just when you thought your product was ready to ship.*\n\n*WPA Accessibility was built to reflect how web development actually works. It works with all modern browsers, tools, and testing environments a dev team might use. With this, accessibility testing can be performed as part of your unit testing, integration testing, browser testing, and any other functional testing your team already performs on a day-to-day basis. Building accessibility testing into the early development process saves time, resources, and all kinds of frustration.*\n\n*We provide different types of rules, for WCAG 2.0 and 2.1 on level A and AA which are mainly categorized as following:*\n\n---\n\n### WCAG 2.0 and 2.1 Level A & AA Rules ###\n\n| Rule ID | Description | Impact |\n| :-----------: | :-----------: | :-----------: |\n| area-alt | Ensures `<area>` elements of image maps have alternate text | Critical |\n| aria-allowed-attr | Ensures ARIA attributes are allowed for an element's role | Serious, Critical |\n| aria-command-name | Ensures every ARIA button, link and menuitem has an accessible name | Serious |\n\n",
        "mode": "markdown"
      },
      "pluginVersion": "11.1.3",
      "type": "text"
    },
    {
      "datasource": {
        "type": "prometheus",
        "uid": "${DS_PROMETHEUS}"
      },
      "fieldConfig": {
        "defaults": {
          "color": {
            "mode": "continuous-GrYlRd"
          },
          "custom": {
            "align": "left",
            "cellOptions": {
              "type": "auto",
              "wrapText": false
            },
            "filterable": false,
            "inspect": false
          },
          "fieldMinMax": true,
          "mappings": [],
          "noValue": "-",
          "thresholds": {
            "mode": "percentage",
            "steps": [
              {
                "color": "green"
              },
              {
                "color": "orange",
                "value": 65
              },
              {
                "color": "red",
                "value": 80
              }
            ]
          }
        },
        "overrides": [
          {
            "matcher": {
              "id": "byName",
              "options": "accessibilityScore"
            },
            "properties": [
              {
                "id": "custom.cellOptions",
                "value": {
                  "type": "color-background"
                }
              }
            ]
          }
        ]
      },
      "gridPos": {
        "h": 8,
        "w": 24,
        "x": 0,
        "y": 32
      },
      "id": 10,
      "options": {
        "cellHeight": "md",
        "footer": {
          "countRows": false,
          "enablePagination": true,
          "fields": [
            "Value"
          ],
          "reducer": [
            "sum"
          ],
          "show": true
        },
        "frameIndex": 1,
        "showHeader": true,
        "sortBy": [
          {
            "desc": true,
            "displayName": "WCAG Standard"
          }
        ]
      },
      "pluginVersion": "11.1.3",
      "targets": [
        {
          "datasource": {
            "type": "prometheus",
            "uid": "${DS_PROMETHEUS}"
          },
          "disableTextWrap": false,
          "editorMode": "builder",
          "exemplar": false,
          "expr": "count by(title, wcagRule) (analyzeraccissues)",
          "format": "table",
          "fullMetaSearch": false,
          "includeNullMetadata": true,
          "instant": true,
          "interval": "",
          "legendFormat": "__auto",
          "range": false,
          "refId": "A",
          "useBackend": false
        }
      ],
      "title": "Analyzer - Accessibility Issues",
      "transformations": [
        {
          "id": "organize",
          "options": {
            "excludeByName": {
              "Time": true
            },
            "includeByName": {},
            "indexByName": {},
            "renameByName": {
              "Value": "Occurences",
              "title": "Accessibility Issues",
              "wcagRule": "WCAG Standard"
            }
          }
        }
      ],
      "type": "table"
    },
    {
      "datasource": {
        "type": "prometheus",
        "uid": "${DS_PROMETHEUS}"
      },
      "fieldConfig": {
        "defaults": {
          "color": {
            "mode": "continuous-GrYlRd"
          },
          "custom": {
            "align": "left",
            "cellOptions": {
              "type": "auto",
              "wrapText": false
            },
            "filterable": false,
            "inspect": false
          },
          "fieldMinMax": true,
          "mappings": [
            {
              "options": {
                "critical": {
                  "color": "dark-red",
                  "index": 3
                },
                "minor": {
                  "color": "green",
                  "index": 0
                },
                "moderate": {
                  "color": "orange",
                  "index": 1
                },
                "serious": {
                  "color": "light-red",
                  "index": 2
                }
              },
              "type": "value"
            }
          ],
          "noValue": "-",
          "thresholds": {
            "mode": "percentage",
            "steps": [
              {
                "color": "green"
              },
              {
                "color": "orange",
                "value": 65
              },
              {
                "color": "red",
                "value": 80
              }
            ]
          }
        },
        "overrides": [
          {
            "matcher": {
              "id": "byName",
              "options": "impact"
            },
            "properties": [
              {
                "id": "custom.cellOptions",
                "value": {
                  "type": "color-text"
                }
              }
            ]
          },
          {
            "matcher": {
              "id": "byName",
              "options": "Code Snippet"
            },
            "properties": [
              {
                "id": "custom.width",
                "value": 456
              }
            ]
          },
          {
            "matcher": {
              "id": "byName",
              "options": "Impact"
            },
            "properties": [
              {
                "id": "custom.width",
                "value": 123
              }
            ]
          },
          {
            "matcher": {
              "id": "byName",
              "options": "Rule Explaination"
            },
            "properties": [
              {
                "id": "custom.width",
                "value": 332
              }
            ]
          }
        ]
      },
      "gridPos": {
        "h": 12,
        "w": 24,
        "x": 0,
        "y": 40
      },
      "id": 11,
      "options": {
        "cellHeight": "md",
        "footer": {
          "countRows": false,
          "enablePagination": true,
          "fields": [
            "Value"
          ],
          "reducer": [
            "sum"
          ],
          "show": true
        },
        "frameIndex": 1,
        "showHeader": true,
        "sortBy": [
          {
            "desc": true,
            "displayName": "WCAG Standard"
          }
        ]
      },
      "pluginVersion": "11.1.3",
      "targets": [
        {
          "datasource": {
            "type": "prometheus",
            "uid": "${DS_PROMETHEUS}"
          },
          "disableTextWrap": false,
          "editorMode": "builder",
          "exemplar": false,
          "expr": "count by(explanation, wcagRule, snippet, impact) (analyzeraccissues)",
          "format": "table",
          "fullMetaSearch": false,
          "includeNullMetadata": true,
          "instant": true,
          "interval": "",
          "legendFormat": "__auto",
          "range": false,
          "refId": "A",
          "useBackend": false
        }
      ],
      "title": "Analyzer - Accessibility Code Snippet",
      "transformations": [
        {
          "id": "organize",
          "options": {
            "excludeByName": {
              "Time": true
            },
            "includeByName": {},
            "indexByName": {
              "Time": 0,
              "Value": 5,
              "explanation": 4,
              "impact": 2,
              "snippet": 1,
              "wcagRule": 3
            },
            "renameByName": {
              "Value": "Occurrences",
              "explanation": "Rule Explaination",
              "impact": "Impact",
              "snippet": "Code Snippet",
              "wcagRule": "WCAG Standard"
            }
          }
        }
      ],
      "type": "table"
    }
  ],
  "schemaVersion": 39,
  "tags": [],
  "templating": {
    "list": [
      {
        "datasource": {
          "type": "prometheus",
          "uid": "advgjmtb35ssgc"
        },
        "filters": [],
        "hide": 0,
        "label": "Analyzer - Compare Control",
        "name": "Control",
        "skipUrlSync": false,
        "type": "adhoc"
      }
    ]
  },
  "time": {
    "from": "now-6h",
    "to": "now"
  },
  "timepicker": {},
  "timezone": "browser",
  "title": "3. DEX - Accessibility Dashboard",
  "uid": "edvgmy2fg74sge",
  "version": 17,
  "weekStart": ""
}