{
  "__inputs": [
    {
      "name": "DS_PROMETHEUS",
      "label": "prometheus",
      "description": "",
      "type": "datasource",
      "pluginId": "prometheus",
      "pluginName": "Prometheus"
    }
  ],
  "__elements": {},
  "__requires": [
    {
      "type": "panel",
      "id": "gauge",
      "name": "Gauge",
      "version": ""
    },
    {
      "type": "grafana",
      "id": "grafana",
      "name": "Grafana",
      "version": "11.1.3"
    },
    {
      "type": "panel",
      "id": "piechart",
      "name": "Pie chart",
      "version": ""
    },
    {
      "type": "datasource",
      "id": "prometheus",
      "name": "Prometheus",
      "version": "1.0.0"
    },
    {
      "type": "panel",
      "id": "stat",
      "name": "Stat",
      "version": ""
    },
    {
      "type": "panel",
      "id": "table",
      "name": "Table",
      "version": ""
    },
    {
      "type": "panel",
      "id": "text",
      "name": "Text",
      "version": ""
    }
  ],
  "annotations": {
    "list": [
      {
        "builtIn": 1,
        "datasource": {
          "type": "grafana",
          "uid": "-- Grafana --"
        },
        "enable": true,
        "hide": true,
        "iconColor": "rgba(0, 211, 255, 1)",
        "name": "Annotations & Alerts",
        "type": "dashboard"
      }
    ]
  },
  "editable": true,
  "fiscalYearStartMonth": 0,
  "graphTooltip": 0,
  "id": null,
  "links": [],
  "panels": [
    {
      "datasource": {
        "type": "prometheus",
        "uid": "${DS_PROMETHEUS}"
      },
      "fieldConfig": {
        "defaults": {
          "color": {
            "mode": "continuous-RdYlGr"
          },
          "decimals": 2,
          "mappings": [],
          "thresholds": {
            "mode": "percentage",
            "steps": [
              {
                "color": "red",
                "value": null
              },
              {
                "color": "orange",
                "value": 60
              },
              {
                "color": "green",
                "value": 85
              }
            ]
          },
          "unit": "percentunit"
        },
        "overrides": [
          {
            "matcher": {
              "id": "byName",
              "options": "Time"
            },
            "properties": []
          }
        ]
      },
      "gridPos": {
        "h": 8,
        "w": 6,
        "x": 0,
        "y": 0
      },
      "id": 2,
      "options": {
        "minVizHeight": 144,
        "minVizWidth": 75,
        "orientation": "auto",
        "reduceOptions": {
          "calcs": [
            "lastNotNull"
          ],
          "fields": "/^bestpracticesScore$/",
          "values": false
        },
        "showThresholdLabels": true,
        "showThresholdMarkers": true,
        "sizing": "manual",
        "text": {
          "valueSize": 22
        }
      },
      "pluginVersion": "11.1.3",
      "targets": [
        {
          "datasource": {
            "type": "prometheus",
            "uid": "${DS_PROMETHEUS}"
          },
          "disableTextWrap": false,
          "editorMode": "builder",
          "exemplar": false,
          "expr": "avg by(bestpracticesScore) (analyzeraudits)",
          "format": "table",
          "fullMetaSearch": false,
          "includeNullMetadata": true,
          "instant": false,
          "legendFormat": "__auto",
          "range": true,
          "refId": "A",
          "useBackend": false
        }
      ],
      "title": "Analyzer - Best Practice Overall Score",
      "type": "gauge"
    },
    {
      "datasource": {
        "type": "prometheus",
        "uid": "${DS_PROMETHEUS}"
      },
      "fieldConfig": {
        "defaults": {
          "color": {
            "mode": "palette-classic"
          },
          "custom": {
            "hideFrom": {
              "legend": false,
              "tooltip": false,
              "viz": false
            }
          },
          "mappings": []
        },
        "overrides": [
          {
            "matcher": {
              "id": "byName",
              "options": "count by(severity) (analyzerbpfailaudits)"
            },
            "properties": [
              {
                "id": "custom.hideFrom",
                "value": {
                  "legend": true,
                  "tooltip": true,
                  "viz": true
                }
              }
            ]
          }
        ]
      },
      "gridPos": {
        "h": 8,
        "w": 7,
        "x": 6,
        "y": 0
      },
      "id": 6,
      "options": {
        "displayLabels": [],
        "legend": {
          "displayMode": "list",
          "placement": "right",
          "showLegend": true,
          "values": [
            "value"
          ]
        },
        "pieType": "pie",
        "reduceOptions": {
          "calcs": [
            "lastNotNull"
          ],
          "fields": "",
          "values": false
        },
        "tooltip": {
          "mode": "multi",
          "sort": "none"
        }
      },
      "targets": [
        {
          "datasource": {
            "type": "prometheus",
            "uid": "${DS_PROMETHEUS}"
          },
          "disableTextWrap": false,
          "editorMode": "code",
          "expr": "count by(group) (analyzerbpfailaudits)",
          "fullMetaSearch": false,
          "includeNullMetadata": true,
          "instant": false,
          "legendFormat": "__auto",
          "range": true,
          "refId": "A",
          "useBackend": false
        }
      ],
      "title": "Analyzer - Best Practice Failed Audits Categories",
      "type": "piechart"
    },
    {
      "datasource": {
        "type": "prometheus",
        "uid": "${DS_PROMETHEUS}"
      },
      "fieldConfig": {
        "defaults": {
          "color": {
            "mode": "thresholds"
          },
          "custom": {
            "align": "left",
            "cellOptions": {
              "type": "auto"
            },
            "inspect": false
          },
          "mappings": [],
          "thresholds": {
            "mode": "percentage",
            "steps": [
              {
                "color": "green",
                "value": null
              },
              {
                "color": "#EAB839",
                "value": 65
              },
              {
                "color": "red",
                "value": 80
              }
            ]
          },
          "unit": "percentunit"
        },
        "overrides": [
          {
            "matcher": {
              "id": "byName",
              "options": "Performance Score"
            },
            "properties": [
              {
                "id": "custom.cellOptions",
                "value": {
                  "type": "color-text"
                }
              }
            ]
          },
          {
            "matcher": {
              "id": "byName",
              "options": "Page Name"
            },
            "properties": [
              {
                "id": "custom.width",
                "value": 384
              }
            ]
          }
        ]
      },
      "gridPos": {
        "h": 8,
        "w": 11,
        "x": 13,
        "y": 0
      },
      "id": 7,
      "options": {
        "cellHeight": "sm",
        "footer": {
          "countRows": false,
          "fields": "",
          "reducer": [
            "sum"
          ],
          "show": false
        },
        "frameIndex": 0,
        "showHeader": true,
        "sortBy": []
      },
      "pluginVersion": "11.1.3",
      "targets": [
        {
          "datasource": {
            "type": "prometheus",
            "uid": "${DS_PROMETHEUS}"
          },
          "disableTextWrap": false,
          "editorMode": "builder",
          "expr": "avg by(bestpracticesScore, pageName) (analyzeraudits)",
          "format": "table",
          "fullMetaSearch": false,
          "includeNullMetadata": true,
          "instant": false,
          "legendFormat": "__auto",
          "range": true,
          "refId": "A",
          "useBackend": false
        }
      ],
      "title": "Analyzer - Page wise score",
      "transformations": [
        {
          "id": "organize",
          "options": {
            "excludeByName": {
              "Time": true,
              "Value": true
            },
            "includeByName": {},
            "indexByName": {
              "Time": 0,
              "Value": 3,
              "bestpracticesScore": 2,
              "pageName": 1
            },
            "renameByName": {
              "Value": "",
              "bestpracticesScore": "Best Practices Scores",
              "pageName": "Page Name",
              "performanceScore": "Performance Score"
            }
          }
        },
        {
          "id": "groupBy",
          "options": {
            "fields": {
              "Best Practices Scores": {
                "aggregations": [
                  "lastNotNull"
                ],
                "operation": "aggregate"
              },
              "Page Name": {
                "aggregations": [],
                "operation": "groupby"
              },
              "Performance Score": {
                "aggregations": [
                  "lastNotNull"
                ],
                "operation": "aggregate"
              }
            }
          }
        }
      ],
      "type": "table"
    },
    {
      "datasource": {
        "type": "prometheus",
        "uid": "${DS_PROMETHEUS}"
      },
      "gridPos": {
        "h": 14,
        "w": 12,
        "x": 0,
        "y": 8
      },
      "id": 8,
      "options": {
        "code": {
          "language": "plaintext",
          "showLineNumbers": false,
          "showMiniMap": false
        },
        "content": "# Manual Best Practices Testing #\n### Below are the areas where you need to test best practices manually: ###\n\n- *Does website use HTTPS*\n- *Rely only on a controlled security environment for testing*\n- *Main value propositions of business should be easily accessible via main navigations/menu items*\n- *Intuitive website design and page layout*\n- *Pages shouldn't have to be cluttered, littered with ads, CTAs, or links, or void of internal links*\n- *A ton of distractions along the way can create friction on site visitors*\n- *Avoid to request geolocation permission on page load*\n- *Should include front-end JavaScript libraries with known security vulnerabilities*\n- *Images to display should have correct aspect ratio*\n- *Page has the HTML doctype*\n- *Browser errors are getting logged to the console*\n- *Avoid using deprecated APIs*\n- *Ensure Content Security Policy is effective against XSS attacks*",
        "mode": "markdown"
      },
      "pluginVersion": "11.1.3",
      "type": "text"
    },
    {
      "datasource": {
        "type": "prometheus",
        "uid": "${DS_PROMETHEUS}"
      },
      "fieldConfig": {
        "defaults": {
          "color": {
            "mode": "thresholds"
          },
          "custom": {
            "align": "left",
            "cellOptions": {
              "type": "auto"
            },
            "inspect": false
          },
          "mappings": [],
          "thresholds": {
            "mode": "percentage",
            "steps": [
              {
                "color": "green",
                "value": null
              },
              {
                "color": "#EAB839",
                "value": 65
              },
              {
                "color": "red",
                "value": 80
              }
            ]
          }
        },
        "overrides": [
          {
            "matcher": {
              "id": "byName",
              "options": "Performance Score"
            },
            "properties": [
              {
                "id": "custom.cellOptions",
                "value": {
                  "type": "color-text"
                }
              }
            ]
          },
          {
            "matcher": {
              "id": "byName",
              "options": "Page Name"
            },
            "properties": [
              {
                "id": "custom.width",
                "value": 393
              }
            ]
          },
          {
            "matcher": {
              "id": "byName",
              "options": "Passed Audits"
            },
            "properties": [
              {
                "id": "custom.width",
                "value": 245
              }
            ]
          },
          {
            "matcher": {
              "id": "byName",
              "options": "Group (lastNotNull)"
            },
            "properties": [
              {
                "id": "custom.width",
                "value": 127
              }
            ]
          },
          {
            "matcher": {
              "id": "byName",
              "options": "Description (lastNotNull)"
            },
            "properties": [
              {
                "id": "custom.width",
                "value": 173
              }
            ]
          }
        ]
      },
      "gridPos": {
        "h": 14,
        "w": 12,
        "x": 12,
        "y": 8
      },
      "id": 9,
      "options": {
        "cellHeight": "sm",
        "footer": {
          "countRows": false,
          "fields": "",
          "reducer": [
            "sum"
          ],
          "show": false
        },
        "frameIndex": 0,
        "showHeader": true,
        "sortBy": []
      },
      "pluginVersion": "11.1.3",
      "targets": [
        {
          "datasource": {
            "type": "prometheus",
            "uid": "${DS_PROMETHEUS}"
          },
          "disableTextWrap": false,
          "editorMode": "code",
          "expr": "count by(title, group, description) (analyzerbppassaudits)",
          "format": "table",
          "fullMetaSearch": false,
          "includeNullMetadata": true,
          "instant": false,
          "legendFormat": "__auto",
          "range": true,
          "refId": "A",
          "useBackend": false
        }
      ],
      "title": "Analyzer - Page Passed Audits",
      "transformations": [
        {
          "id": "organize",
          "options": {
            "excludeByName": {
              "Time": true,
              "Value": false
            },
            "includeByName": {},
            "indexByName": {
              "Time": 0,
              "Value": 4,
              "description": 3,
              "group": 2,
              "title": 1
            },
            "renameByName": {
              "Value": "Count",
              "bestpracticesScore": "Best Practices Scores",
              "description": "Description",
              "group": "Group",
              "pageName": "Page Name",
              "performanceScore": "Performance Score",
              "title": "Passed Audits"
            }
          }
        },
        {
          "id": "groupBy",
          "options": {
            "fields": {
              "Best Practices Scores": {
                "aggregations": [
                  "lastNotNull"
                ],
                "operation": "aggregate"
              },
              "Count": {
                "aggregations": [
                  "count"
                ],
                "operation": "aggregate"
              },
              "Description": {
                "aggregations": [
                  "lastNotNull"
                ],
                "operation": "aggregate"
              },
              "Group": {
                "aggregations": [
                  "lastNotNull"
                ],
                "operation": "aggregate"
              },
              "Page Name": {
                "aggregations": [],
                "operation": "groupby"
              },
              "Passed Audits": {
                "aggregations": [],
                "operation": "groupby"
              },
              "Performance Score": {
                "aggregations": [
                  "lastNotNull"
                ],
                "operation": "aggregate"
              },
              "Value": {
                "aggregations": [
                  "count"
                ],
                "operation": "aggregate"
              },
              "description": {
                "aggregations": [
                  "lastNotNull"
                ],
                "operation": "aggregate"
              },
              "group": {
                "aggregations": [
                  "lastNotNull"
                ],
                "operation": "aggregate"
              },
              "title": {
                "aggregations": [],
                "operation": "groupby"
              }
            }
          }
        }
      ],
      "type": "table"
    },
    {
      "datasource": {
        "type": "prometheus",
        "uid": "${DS_PROMETHEUS}"
      },
      "fieldConfig": {
        "defaults": {
          "color": {
            "mode": "thresholds"
          },
          "custom": {
            "align": "left",
            "cellOptions": {
              "type": "auto"
            },
            "inspect": false
          },
          "mappings": [],
          "thresholds": {
            "mode": "percentage",
            "steps": [
              {
                "color": "green"
              },
              {
                "color": "#EAB839",
                "value": 65
              },
              {
                "color": "red",
                "value": 80
              }
            ]
          }
        },
        "overrides": [
          {
            "matcher": {
              "id": "byName",
              "options": "Performance Score"
            },
            "properties": [
              {
                "id": "custom.cellOptions",
                "value": {
                  "type": "color-text"
                }
              }
            ]
          },
          {
            "matcher": {
              "id": "byName",
              "options": "Page Name"
            },
            "properties": [
              {
                "id": "custom.width",
                "value": 393
              }
            ]
          },
          {
            "matcher": {
              "id": "byName",
              "options": "Passed Audits"
            },
            "properties": [
              {
                "id": "custom.width",
                "value": 432
              }
            ]
          },
          {
            "matcher": {
              "id": "byName",
              "options": "Group (lastNotNull)"
            },
            "properties": [
              {
                "id": "custom.width",
                "value": 127
              }
            ]
          },
          {
            "matcher": {
              "id": "byName",
              "options": "Description (lastNotNull)"
            },
            "properties": [
              {
                "id": "custom.width",
                "value": 605
              }
            ]
          }
        ]
      },
      "gridPos": {
        "h": 10,
        "w": 24,
        "x": 0,
        "y": 22
      },
      "id": 10,
      "options": {
        "cellHeight": "sm",
        "footer": {
          "countRows": false,
          "fields": "",
          "reducer": [
            "sum"
          ],
          "show": false
        },
        "frameIndex": 0,
        "showHeader": true,
        "sortBy": []
      },
      "pluginVersion": "11.1.3",
      "targets": [
        {
          "datasource": {
            "type": "prometheus",
            "uid": "${DS_PROMETHEUS}"
          },
          "disableTextWrap": false,
          "editorMode": "code",
          "expr": "count by(title, group, description) (analyzerbpfailaudits)",
          "format": "table",
          "fullMetaSearch": false,
          "includeNullMetadata": true,
          "instant": false,
          "legendFormat": "__auto",
          "range": true,
          "refId": "A",
          "useBackend": false
        }
      ],
      "title": "Analyzer - Page Failed Audits",
      "transformations": [
        {
          "id": "organize",
          "options": {
            "excludeByName": {
              "Time": true,
              "Value": false
            },
            "includeByName": {},
            "indexByName": {
              "Time": 0,
              "Value": 4,
              "description": 3,
              "group": 2,
              "title": 1
            },
            "renameByName": {
              "Value": "Count",
              "bestpracticesScore": "Best Practices Scores",
              "description": "Description",
              "group": "Group",
              "pageName": "Page Name",
              "performanceScore": "Performance Score",
              "title": "Passed Audits"
            }
          }
        },
        {
          "id": "groupBy",
          "options": {
            "fields": {
              "Best Practices Scores": {
                "aggregations": [
                  "lastNotNull"
                ],
                "operation": "aggregate"
              },
              "Count": {
                "aggregations": [
                  "count"
                ],
                "operation": "aggregate"
              },
              "Description": {
                "aggregations": [
                  "lastNotNull"
                ],
                "operation": "aggregate"
              },
              "Group": {
                "aggregations": [
                  "lastNotNull"
                ],
                "operation": "aggregate"
              },
              "Page Name": {
                "aggregations": [],
                "operation": "groupby"
              },
              "Passed Audits": {
                "aggregations": [],
                "operation": "groupby"
              },
              "Performance Score": {
                "aggregations": [
                  "lastNotNull"
                ],
                "operation": "aggregate"
              },
              "Value": {
                "aggregations": [
                  "count"
                ],
                "operation": "aggregate"
              },
              "description": {
                "aggregations": [
                  "lastNotNull"
                ],
                "operation": "aggregate"
              },
              "group": {
                "aggregations": [
                  "lastNotNull"
                ],
                "operation": "aggregate"
              },
              "title": {
                "aggregations": [],
                "operation": "groupby"
              }
            }
          }
        }
      ],
      "type": "table"
    },
    {
      "datasource": {
        "type": "prometheus",
        "uid": "${DS_PROMETHEUS}"
      },
      "gridPos": {
        "h": 2,
        "w": 24,
        "x": 0,
        "y": 32
      },
      "id": 11,
      "options": {
        "code": {
          "language": "plaintext",
          "showLineNumbers": false,
          "showMiniMap": false
        },
        "content": ">[*Best Practices Groups*]()",
        "mode": "markdown"
      },
      "pluginVersion": "11.1.3",
      "type": "text"
    },
    {
      "datasource": {
        "type": "prometheus",
        "uid": "${DS_PROMETHEUS}"
      },
      "fieldConfig": {
        "defaults": {
          "color": {
            "mode": "thresholds"
          },
          "mappings": [],
          "thresholds": {
            "mode": "absolute",
            "steps": [
              {
                "color": "green"
              },
              {
                "color": "red",
                "value": 80
              }
            ]
          }
        },
        "overrides": []
      },
      "gridPos": {
        "h": 7,
        "w": 6,
        "x": 0,
        "y": 34
      },
      "id": 12,
      "options": {
        "colorMode": "value",
        "graphMode": "area",
        "justifyMode": "auto",
        "orientation": "auto",
        "percentChangeColorMode": "standard",
        "reduceOptions": {
          "calcs": [
            "lastNotNull"
          ],
          "fields": "",
          "values": false
        },
        "showPercentChange": false,
        "textMode": "auto",
        "wideLayout": true
      },
      "pluginVersion": "11.1.3",
      "targets": [
        {
          "datasource": {
            "type": "prometheus",
            "uid": "${DS_PROMETHEUS}"
          },
          "editorMode": "code",
          "expr": "count(analyzerbpfailaudits{group=~\"Trust and Safety\"})",
          "hide": false,
          "instant": false,
          "legendFormat": "__auto",
          "range": true,
          "refId": "A"
        }
      ],
      "title": "Best Practices Trust and Safety Count",
      "type": "stat"
    },
    {
      "datasource": {
        "type": "prometheus",
        "uid": "${DS_PROMETHEUS}"
      },
      "fieldConfig": {
        "defaults": {
          "color": {
            "mode": "thresholds"
          },
          "mappings": [],
          "thresholds": {
            "mode": "absolute",
            "steps": [
              {
                "color": "green"
              },
              {
                "color": "red",
                "value": 80
              }
            ]
          }
        },
        "overrides": []
      },
      "gridPos": {
        "h": 7,
        "w": 6,
        "x": 6,
        "y": 34
      },
      "id": 13,
      "options": {
        "colorMode": "value",
        "graphMode": "area",
        "justifyMode": "auto",
        "orientation": "auto",
        "percentChangeColorMode": "standard",
        "reduceOptions": {
          "calcs": [
            "lastNotNull"
          ],
          "fields": "",
          "values": false
        },
        "showPercentChange": false,
        "textMode": "auto",
        "wideLayout": true
      },
      "pluginVersion": "11.1.3",
      "targets": [
        {
          "datasource": {
            "type": "prometheus",
            "uid": "${DS_PROMETHEUS}"
          },
          "editorMode": "code",
          "expr": "count(analyzerbpfailaudits{group=~\"UX\"})",
          "hide": false,
          "instant": false,
          "legendFormat": "__auto",
          "range": true,
          "refId": "A"
        }
      ],
      "title": "Best Practices UX Count",
      "type": "stat"
    },
    {
      "datasource": {
        "type": "prometheus",
        "uid": "${DS_PROMETHEUS}"
      },
      "fieldConfig": {
        "defaults": {
          "color": {
            "mode": "thresholds"
          },
          "mappings": [],
          "noValue": "0",
          "thresholds": {
            "mode": "absolute",
            "steps": [
              {
                "color": "green"
              },
              {
                "color": "red",
                "value": 80
              }
            ]
          }
        },
        "overrides": []
      },
      "gridPos": {
        "h": 7,
        "w": 6,
        "x": 12,
        "y": 34
      },
      "id": 14,
      "options": {
        "colorMode": "value",
        "graphMode": "area",
        "justifyMode": "auto",
        "orientation": "auto",
        "percentChangeColorMode": "standard",
        "reduceOptions": {
          "calcs": [
            "lastNotNull"
          ],
          "fields": "",
          "values": false
        },
        "showPercentChange": false,
        "textMode": "auto",
        "wideLayout": true
      },
      "pluginVersion": "11.1.3",
      "targets": [
        {
          "datasource": {
            "type": "prometheus",
            "uid": "${DS_PROMETHEUS}"
          },
          "editorMode": "code",
          "expr": "count(analyzerbpfailaudits{group=~\"Brower Compat\"})",
          "hide": false,
          "instant": false,
          "legendFormat": "__auto",
          "range": true,
          "refId": "A"
        }
      ],
      "title": "Best Practices Browser Compat Count",
      "type": "stat"
    },
    {
      "datasource": {
        "type": "prometheus",
        "uid": "${DS_PROMETHEUS}"
      },
      "fieldConfig": {
        "defaults": {
          "color": {
            "mode": "thresholds"
          },
          "mappings": [],
          "noValue": "0",
          "thresholds": {
            "mode": "absolute",
            "steps": [
              {
                "color": "green"
              },
              {
                "color": "red",
                "value": 80
              }
            ]
          }
        },
        "overrides": []
      },
      "gridPos": {
        "h": 7,
        "w": 6,
        "x": 18,
        "y": 34
      },
      "id": 15,
      "options": {
        "colorMode": "value",
        "graphMode": "area",
        "justifyMode": "auto",
        "orientation": "auto",
        "percentChangeColorMode": "standard",
        "reduceOptions": {
          "calcs": [
            "lastNotNull"
          ],
          "fields": "",
          "values": false
        },
        "showPercentChange": false,
        "textMode": "auto",
        "wideLayout": true
      },
      "pluginVersion": "11.1.3",
      "targets": [
        {
          "datasource": {
            "type": "prometheus",
            "uid": "${DS_PROMETHEUS}"
          },
          "editorMode": "code",
          "expr": "count(analyzerbpfailaudits{group=~\"General\"})",
          "hide": false,
          "instant": false,
          "legendFormat": "__auto",
          "range": true,
          "refId": "A"
        }
      ],
      "title": "Best Practices General Count",
      "type": "stat"
    },
    {
      "datasource": {
        "type": "prometheus",
        "uid": "${DS_PROMETHEUS}"
      },
      "gridPos": {
        "h": 3,
        "w": 24,
        "x": 0,
        "y": 41
      },
      "id": 16,
      "options": {
        "code": {
          "language": "plaintext",
          "showLineNumbers": false,
          "showMiniMap": false
        },
        "content": "<span style=\"font-size:40px;\">Best Practices Group: Trust and Safety</span>\r\n",
        "mode": "html"
      },
      "pluginVersion": "11.1.3",
      "type": "text"
    },
    {
      "datasource": {
        "type": "prometheus",
        "uid": "${DS_PROMETHEUS}"
      },
      "gridPos": {
        "h": 24,
        "w": 12,
        "x": 0,
        "y": 44
      },
      "id": 17,
      "options": {
        "code": {
          "language": "plaintext",
          "showLineNumbers": false,
          "showMiniMap": false
        },
        "content": "# Best Practices: Trust and Safety Audits #\n### Does not use HTTPS ###\n*All websites should be protected with HTTPS, even ones that don't handle sensitive data. HTTPS prevents intruders from tampering with or passively listening in on the communications between your site and your users. A page can't qualify as a Progressive Web App (PWA) if it doesn't run on HTTPS; many core PWA technologies, such as service workers, require HTTPS*\n\n### Requests the geolocation permission on page load ###\n*Users are mistrustful of or confused by pages that automatically request their location on page load. To provide a better user experience:*\n\n- *Always request geolocation permission after a user action, not on page load and clearly indicate that the action will request geolocation permission*\n- *Assume users won't give you their locations, so use a fallback if users don't grant geolocation permission*\n\n### Requests the notification permission on page load ###\n*Good notifications are timely, relevant, and precise. If your page asks for permission to send notifications on page load, those notifications may not be relevant to your users or their needs.\nTo provide a better user experience:*\n- *Offer to send users a specific type of notification*\n- *Present the permissions request after users opt in to the notification type*\n\n### Includes front-end JavaScript libraries with known security vulnerabilities ###\n*Intruders have automated web crawlers that can scan your site for known security vulnerabilities. When the web crawler detects a vulnerability, it alerts the intruder. From there, the intruder just needs to figure out how to exploit the vulnerability on your site. If the library has released a newer version that fixes the vulnerability, upgrade to that version. If the library hasn't released a new version or is no longer maintained, consider using a different library*\n\n### Ensure CSP is effective against XSS attacks ###\n*A Content Security Policy (CSP) helps to ensure any content loaded in the page is trusted by the site owner. CSPs mitigate cross-site scripting (XSS) attacks because they can block unsafe scripts injected by attackers. However, the CSP can easily be bypassed if it is not strict enough. Check out Mitigate cross-site scripting (XSS) with a strict Content Security Policy (CSP) for more information. Lighthouse collects CSPs enforced on the main document, and reports issues from CSP Evaluator if they can be bypassed*\n\n### Links to cross-origin destinations are unsafe ###\n*When you link to a page on another site using the target=\"_blank\" attribute, you can expose your site to performance and security issues:*\n- *The other page may run on the same process as your page. If the other page is running a lot of JavaScript, your page's performance may suffer*\n- *The other page can access your window object with the window.opener property. This may allow the other page to redirect your page to a malicious URL*\n\n*Adding rel=\"noopener\" or rel=\"noreferrer\" to your target=\"_blank\" links avoids these issues*\n",
        "mode": "markdown"
      },
      "pluginVersion": "11.1.3",
      "type": "text"
    },
    {
      "datasource": {
        "type": "prometheus",
        "uid": "${DS_PROMETHEUS}"
      },
      "fieldConfig": {
        "defaults": {
          "color": {
            "mode": "thresholds"
          },
          "custom": {
            "align": "left",
            "cellOptions": {
              "type": "auto"
            },
            "inspect": false
          },
          "mappings": [],
          "thresholds": {
            "mode": "absolute",
            "steps": [
              {
                "color": "green"
              },
              {
                "color": "red",
                "value": 80
              }
            ]
          }
        },
        "overrides": [
          {
            "matcher": {
              "id": "byName",
              "options": "Failed Audits"
            },
            "properties": [
              {
                "id": "custom.width",
                "value": 542
              }
            ]
          }
        ]
      },
      "gridPos": {
        "h": 6,
        "w": 12,
        "x": 12,
        "y": 44
      },
      "id": 18,
      "options": {
        "cellHeight": "md",
        "footer": {
          "countRows": false,
          "fields": "",
          "reducer": [
            "sum"
          ],
          "show": false
        },
        "showHeader": true,
        "sortBy": []
      },
      "pluginVersion": "11.1.3",
      "targets": [
        {
          "datasource": {
            "type": "prometheus",
            "uid": "${DS_PROMETHEUS}"
          },
          "disableTextWrap": false,
          "editorMode": "code",
          "expr": "count by (title) (analyzerbpfailaudits{group=\"Trust and Safety\"})\r\n",
          "format": "table",
          "fullMetaSearch": false,
          "includeNullMetadata": true,
          "instant": false,
          "legendFormat": "__auto",
          "range": true,
          "refId": "A",
          "useBackend": false
        }
      ],
      "title": "Analyzer - Trust and Safety Failed Audits",
      "transformations": [
        {
          "id": "organize",
          "options": {
            "excludeByName": {
              "Time": true,
              "title": false
            },
            "includeByName": {},
            "indexByName": {
              "Time": 0,
              "Value": 3,
              "title": 2,
              "url": 1
            },
            "renameByName": {
              "Value": "Count",
              "title": "Failed Audits"
            }
          }
        },
        {
          "id": "groupBy",
          "options": {
            "fields": {
              "Count": {
                "aggregations": [
                  "count"
                ],
                "operation": "aggregate"
              },
              "Failed Audits": {
                "aggregations": [],
                "operation": "groupby"
              }
            }
          }
        }
      ],
      "type": "table"
    },
    {
      "datasource": {
        "type": "prometheus",
        "uid": "${DS_PROMETHEUS}"
      },
      "fieldConfig": {
        "defaults": {
          "color": {
            "mode": "thresholds"
          },
          "custom": {
            "align": "left",
            "cellOptions": {
              "type": "auto"
            },
            "inspect": false
          },
          "mappings": [],
          "thresholds": {
            "mode": "absolute",
            "steps": [
              {
                "color": "green"
              },
              {
                "color": "red",
                "value": 80
              }
            ]
          }
        },
        "overrides": [
          {
            "matcher": {
              "id": "byName",
              "options": "Failed Audits"
            },
            "properties": [
              {
                "id": "custom.width",
                "value": 542
              }
            ]
          }
        ]
      },
      "gridPos": {
        "h": 5,
        "w": 12,
        "x": 12,
        "y": 50
      },
      "id": 19,
      "options": {
        "cellHeight": "md",
        "footer": {
          "countRows": false,
          "fields": "",
          "reducer": [
            "sum"
          ],
          "show": false
        },
        "showHeader": true,
        "sortBy": []
      },
      "pluginVersion": "11.1.3",
      "targets": [
        {
          "datasource": {
            "type": "prometheus",
            "uid": "${DS_PROMETHEUS}"
          },
          "disableTextWrap": false,
          "editorMode": "code",
          "expr": "count by (title, url, resolution) (analyzerbpfailaudits{group=\"Trust and Safety\",title=\"Does not use HTTPS\"})\r\n",
          "format": "table",
          "fullMetaSearch": false,
          "includeNullMetadata": true,
          "instant": false,
          "legendFormat": "__auto",
          "range": true,
          "refId": "A",
          "useBackend": false
        }
      ],
      "title": "Analyzer - Does not use HTTPS Audits",
      "transformations": [
        {
          "id": "organize",
          "options": {
            "excludeByName": {
              "Time": true,
              "title": false
            },
            "includeByName": {},
            "indexByName": {
              "Time": 0,
              "Value": 3,
              "title": 2,
              "url": 1
            },
            "renameByName": {
              "Value": "Count",
              "title": "Failed Audits"
            }
          }
        },
        {
          "id": "groupBy",
          "options": {
            "fields": {
              "Count": {
                "aggregations": [
                  "count"
                ],
                "operation": "aggregate"
              },
              "Failed Audits": {
                "aggregations": [],
                "operation": "groupby"
              }
            }
          }
        }
      ],
      "type": "table"
    },
    {
      "datasource": {
        "type": "prometheus",
        "uid": "${DS_PROMETHEUS}"
      },
      "fieldConfig": {
        "defaults": {
          "color": {
            "mode": "thresholds"
          },
          "custom": {
            "align": "left",
            "cellOptions": {
              "type": "auto"
            },
            "inspect": false
          },
          "mappings": [
            {
              "options": {
                "High": {
                  "color": "red",
                  "index": 0
                },
                "Low": {
                  "color": "green",
                  "index": 2
                },
                "Medium": {
                  "color": "orange",
                  "index": 1
                }
              },
              "type": "value"
            }
          ],
          "thresholds": {
            "mode": "absolute",
            "steps": [
              {
                "color": "green"
              },
              {
                "color": "red",
                "value": 80
              }
            ]
          }
        },
        "overrides": [
          {
            "matcher": {
              "id": "byName",
              "options": "Failed Audits"
            },
            "properties": [
              {
                "id": "custom.width",
                "value": 131
              }
            ]
          },
          {
            "matcher": {
              "id": "byName",
              "options": "Severity"
            },
            "properties": [
              {
                "id": "custom.width",
                "value": 98
              },
              {
                "id": "custom.cellOptions",
                "value": {
                  "type": "color-text"
                }
              }
            ]
          },
          {
            "matcher": {
              "id": "byName",
              "options": "Description"
            },
            "properties": [
              {
                "id": "custom.width",
                "value": 311
              }
            ]
          }
        ]
      },
      "gridPos": {
        "h": 7,
        "w": 12,
        "x": 12,
        "y": 55
      },
      "id": 20,
      "options": {
        "cellHeight": "md",
        "footer": {
          "countRows": false,
          "fields": "",
          "reducer": [
            "sum"
          ],
          "show": false
        },
        "showHeader": true,
        "sortBy": []
      },
      "pluginVersion": "11.1.3",
      "targets": [
        {
          "datasource": {
            "type": "prometheus",
            "uid": "${DS_PROMETHEUS}"
          },
          "disableTextWrap": false,
          "editorMode": "code",
          "expr": "count by (title, severity, description) (analyzerbpfailaudits{group=\"Trust and Safety\",title=\"Ensure CSP is effective against XSS attacks\"})\r\n",
          "format": "table",
          "fullMetaSearch": false,
          "includeNullMetadata": true,
          "instant": false,
          "legendFormat": "__auto",
          "range": true,
          "refId": "A",
          "useBackend": false
        }
      ],
      "title": "Analyzer - Ensure CSP is effective against XSS attacks Audits",
      "transformations": [
        {
          "id": "organize",
          "options": {
            "excludeByName": {
              "Time": true,
              "title": false
            },
            "includeByName": {},
            "indexByName": {
              "Time": 0,
              "Value": 4,
              "description": 3,
              "severity": 2,
              "title": 1
            },
            "renameByName": {
              "Value": "Count",
              "description": "Description",
              "severity": "Severity",
              "title": "Failed Audits"
            }
          }
        },
        {
          "disabled": true,
          "id": "groupBy",
          "options": {
            "fields": {
              "Count": {
                "aggregations": [
                  "count"
                ],
                "operation": "aggregate"
              },
              "Failed Audits": {
                "aggregations": [],
                "operation": "groupby"
              },
              "Severity": {
                "aggregations": [
                  "lastNotNull"
                ],
                "operation": "aggregate"
              }
            }
          }
        }
      ],
      "type": "table"
    },
    {
      "datasource": {
        "type": "prometheus",
        "uid": "${DS_PROMETHEUS}"
      },
      "fieldConfig": {
        "defaults": {
          "color": {
            "mode": "thresholds"
          },
          "custom": {
            "align": "left",
            "cellOptions": {
              "type": "auto"
            },
            "inspect": false
          },
          "mappings": [
            {
              "options": {
                "High": {
                  "color": "red",
                  "index": 0
                },
                "Low": {
                  "color": "green",
                  "index": 2
                },
                "Medium": {
                  "color": "orange",
                  "index": 1
                }
              },
              "type": "value"
            }
          ],
          "thresholds": {
            "mode": "absolute",
            "steps": [
              {
                "color": "green"
              },
              {
                "color": "red",
                "value": 80
              }
            ]
          }
        },
        "overrides": [
          {
            "matcher": {
              "id": "byName",
              "options": "Failed Audits"
            },
            "properties": [
              {
                "id": "custom.width",
                "value": 131
              }
            ]
          },
          {
            "matcher": {
              "id": "byName",
              "options": "Severity"
            },
            "properties": [
              {
                "id": "custom.width",
                "value": 98
              },
              {
                "id": "custom.cellOptions",
                "value": {
                  "type": "color-text"
                }
              }
            ]
          },
          {
            "matcher": {
              "id": "byName",
              "options": "Description"
            },
            "properties": [
              {
                "id": "custom.width",
                "value": 311
              }
            ]
          }
        ]
      },
      "gridPos": {
        "h": 6,
        "w": 12,
        "x": 12,
        "y": 62
      },
      "id": 21,
      "options": {
        "cellHeight": "md",
        "footer": {
          "countRows": false,
          "fields": "",
          "reducer": [
            "sum"
          ],
          "show": false
        },
        "showHeader": true,
        "sortBy": []
      },
      "pluginVersion": "11.1.3",
      "targets": [
        {
          "datasource": {
            "type": "prometheus",
            "uid": "${DS_PROMETHEUS}"
          },
          "disableTextWrap": false,
          "editorMode": "code",
          "expr": "count by (auditId, title, pageName) (analyzerbpfailaudits{group=\"Trust and Safety\",title=\"Includes front-end JavaScript libraries with known security vulnerabilities\"})",
          "format": "table",
          "fullMetaSearch": false,
          "includeNullMetadata": true,
          "instant": false,
          "legendFormat": "__auto",
          "range": true,
          "refId": "A",
          "useBackend": false
        }
      ],
      "title": "Analyzer - Includes front-end JavaScript libraries with known security vulnerabilities Audits",
      "transformations": [
        {
          "id": "organize",
          "options": {
            "excludeByName": {
              "Time": true,
              "title": false
            },
            "includeByName": {},
            "indexByName": {
              "Time": 0,
              "Value": 4,
              "description": 3,
              "severity": 2,
              "title": 1
            },
            "renameByName": {
              "Value": "Count",
              "description": "Description",
              "severity": "Severity",
              "title": "Failed Audits"
            }
          }
        },
        {
          "disabled": true,
          "id": "groupBy",
          "options": {
            "fields": {
              "Count": {
                "aggregations": [
                  "count"
                ],
                "operation": "aggregate"
              },
              "Failed Audits": {
                "aggregations": [],
                "operation": "groupby"
              },
              "Severity": {
                "aggregations": [
                  "lastNotNull"
                ],
                "operation": "aggregate"
              }
            }
          }
        }
      ],
      "type": "table"
    },
    {
      "datasource": {
        "type": "prometheus",
        "uid": "${DS_PROMETHEUS}"
      },
      "gridPos": {
        "h": 3,
        "w": 24,
        "x": 0,
        "y": 68
      },
      "id": 22,
      "options": {
        "code": {
          "language": "plaintext",
          "showLineNumbers": false,
          "showMiniMap": false
        },
        "content": "<span style=\"font-size:40px;\">Best Practices Group: User Experience</span>\r\n",
        "mode": "html"
      },
      "pluginVersion": "11.1.3",
      "type": "text"
    },
    {
      "datasource": {
        "type": "prometheus",
        "uid": "${DS_PROMETHEUS}"
      },
      "gridPos": {
        "h": 13,
        "w": 12,
        "x": 0,
        "y": 71
      },
      "id": 23,
      "options": {
        "code": {
          "language": "plaintext",
          "showLineNumbers": false,
          "showMiniMap": false
        },
        "content": "# Best Practices: User Experience Audits #\n\n### Prevents users from pasting into password fields ###\n*Some websites claim that allowing users to paste passwords reduces security. However, password pasting actually improves security because it enables the use of password managers.\nPassword managers typically generate strong passwords for users, store them securely, and then automatically paste them into password fields whenever users need to log in. This approach is generally more secure than forcing users to type in passwords that are short enough to remember*\n\n### Displays images with incorrect aspect ratio ###\n*If a rendered image has an aspect ratio that's significantly different from the aspect ratio in its source file (the natural aspect ratio), the rendered image may look distorted, possibly creating an unpleasant user experience*\n*There are two common causes for an incorrect image aspect ratio:*\n- *An image is set to explicit width and height values that differ from the source image's dimensions*\n- *An image is set to a width and height as a percentage of a variably-sized container*\n\n*Ensure images display with the correct aspect ratio by:*\n- *Using an image CDN*\n- *Checking the CSS that affects the image's aspect ratio*\n- *Checking the image's width and height attributes in the HTML*\n\n### Serves images with appropriate resolution ###\n*Image natural dimensions should be proportional to the display size and the pixel ratio to maximize image clarity*\n\n### Preload fonts ###\n*Fonts with `font-display: optional` are preloaded. Preload `optional` fonts so first-time visitors may use them*",
        "mode": "markdown"
      },
      "pluginVersion": "11.1.3",
      "type": "text"
    },
    {
      "datasource": {
        "type": "prometheus",
        "uid": "${DS_PROMETHEUS}"
      },
      "fieldConfig": {
        "defaults": {
          "color": {
            "mode": "thresholds"
          },
          "custom": {
            "align": "left",
            "cellOptions": {
              "type": "auto"
            },
            "inspect": false
          },
          "mappings": [],
          "thresholds": {
            "mode": "absolute",
            "steps": [
              {
                "color": "green"
              },
              {
                "color": "red",
                "value": 80
              }
            ]
          }
        },
        "overrides": [
          {
            "matcher": {
              "id": "byName",
              "options": "Failed Audits"
            },
            "properties": [
              {
                "id": "custom.width",
                "value": 542
              }
            ]
          }
        ]
      },
      "gridPos": {
        "h": 6,
        "w": 12,
        "x": 12,
        "y": 71
      },
      "id": 24,
      "options": {
        "cellHeight": "md",
        "footer": {
          "countRows": false,
          "fields": "",
          "reducer": [
            "sum"
          ],
          "show": false
        },
        "showHeader": true,
        "sortBy": []
      },
      "pluginVersion": "11.1.3",
      "targets": [
        {
          "datasource": {
            "type": "prometheus",
            "uid": "${DS_PROMETHEUS}"
          },
          "disableTextWrap": false,
          "editorMode": "code",
          "expr": "count by (title) (analyzerbpfailaudits{group=\"UX\"})\r\n",
          "format": "table",
          "fullMetaSearch": false,
          "includeNullMetadata": true,
          "instant": false,
          "legendFormat": "__auto",
          "range": true,
          "refId": "A",
          "useBackend": false
        }
      ],
      "title": "Analyzer - UX Failed Audits",
      "transformations": [
        {
          "id": "organize",
          "options": {
            "excludeByName": {
              "Time": true,
              "title": false
            },
            "includeByName": {},
            "indexByName": {
              "Time": 0,
              "Value": 3,
              "title": 2,
              "url": 1
            },
            "renameByName": {
              "Value": "Count",
              "title": "Failed Audits"
            }
          }
        },
        {
          "id": "groupBy",
          "options": {
            "fields": {
              "Count": {
                "aggregations": [
                  "count"
                ],
                "operation": "aggregate"
              },
              "Failed Audits": {
                "aggregations": [],
                "operation": "groupby"
              }
            }
          }
        }
      ],
      "type": "table"
    },
    {
      "datasource": {
        "type": "prometheus",
        "uid": "${DS_PROMETHEUS}"
      },
      "fieldConfig": {
        "defaults": {
          "color": {
            "mode": "thresholds"
          },
          "custom": {
            "align": "left",
            "cellOptions": {
              "type": "auto",
              "wrapText": false
            },
            "inspect": false
          },
          "mappings": [
            {
              "options": {
                "High": {
                  "color": "red",
                  "index": 0
                },
                "Low": {
                  "color": "green",
                  "index": 2
                },
                "Medium": {
                  "color": "orange",
                  "index": 1
                }
              },
              "type": "value"
            }
          ],
          "thresholds": {
            "mode": "absolute",
            "steps": [
              {
                "color": "green"
              },
              {
                "color": "red",
                "value": 80
              }
            ]
          }
        },
        "overrides": [
          {
            "matcher": {
              "id": "byName",
              "options": "Failed Audits"
            },
            "properties": [
              {
                "id": "custom.width",
                "value": 131
              }
            ]
          },
          {
            "matcher": {
              "id": "byName",
              "options": "Severity"
            },
            "properties": [
              {
                "id": "custom.width",
                "value": 98
              },
              {
                "id": "custom.cellOptions",
                "value": {
                  "type": "color-text"
                }
              }
            ]
          },
          {
            "matcher": {
              "id": "byName",
              "options": "Description"
            },
            "properties": [
              {
                "id": "custom.width",
                "value": 311
              }
            ]
          }
        ]
      },
      "gridPos": {
        "h": 7,
        "w": 12,
        "x": 12,
        "y": 77
      },
      "id": 25,
      "options": {
        "cellHeight": "md",
        "footer": {
          "countRows": false,
          "fields": "",
          "reducer": [
            "sum"
          ],
          "show": false
        },
        "showHeader": true,
        "sortBy": []
      },
      "pluginVersion": "11.1.3",
      "targets": [
        {
          "datasource": {
            "type": "prometheus",
            "uid": "${DS_PROMETHEUS}"
          },
          "disableTextWrap": false,
          "editorMode": "code",
          "expr": "count by (title, RUrl, ActualAspectRatio, DisplayedAspectRatio) (analyzerbpfailaudits{group=\"UX\",title=\"Displays images with incorrect aspect ratio\"})\r\n",
          "format": "table",
          "fullMetaSearch": false,
          "includeNullMetadata": true,
          "instant": false,
          "legendFormat": "__auto",
          "range": true,
          "refId": "A",
          "useBackend": false
        }
      ],
      "title": "Analyzer - Ensure CSP is effective against XSS attacks Audits",
      "transformations": [
        {
          "id": "organize",
          "options": {
            "excludeByName": {
              "Time": true,
              "title": false
            },
            "includeByName": {},
            "indexByName": {
              "ActualAspectRatio": 3,
              "DisplayedAspectRatio": 4,
              "RUrl": 2,
              "Time": 0,
              "Value": 5,
              "title": 1
            },
            "renameByName": {
              "ActualAspectRatio": "Actual Aspect Ratio",
              "DisplayedAspectRatio": "Displayed Aspect Ratio",
              "RUrl": "Affected URL's",
              "Value": "Count",
              "description": "Description",
              "severity": "Severity",
              "title": "Failed Audits"
            }
          }
        },
        {
          "disabled": true,
          "id": "groupBy",
          "options": {
            "fields": {
              "Actual Aspect Ratio": {
                "aggregations": [
                  "lastNotNull"
                ],
                "operation": "aggregate"
              },
              "Affected URL's": {
                "aggregations": [
                  "lastNotNull"
                ],
                "operation": "aggregate"
              },
              "Count": {
                "aggregations": [
                  "count"
                ],
                "operation": "aggregate"
              },
              "Displayed Aspect Ratio": {
                "aggregations": [
                  "lastNotNull"
                ],
                "operation": "aggregate"
              },
              "Failed Audits": {
                "aggregations": [],
                "operation": "groupby"
              },
              "Severity": {
                "aggregations": [
                  "lastNotNull"
                ],
                "operation": "aggregate"
              }
            }
          }
        }
      ],
      "type": "table"
    },
    {
      "datasource": {
        "type": "prometheus",
        "uid": "${DS_PROMETHEUS}"
      },
      "gridPos": {
        "h": 3,
        "w": 24,
        "x": 0,
        "y": 84
      },
      "id": 26,
      "options": {
        "code": {
          "language": "plaintext",
          "showLineNumbers": false,
          "showMiniMap": false
        },
        "content": "<span style=\"font-size:40px;\">Best Practices Group: Browser Compat</span>\r\n",
        "mode": "html"
      },
      "pluginVersion": "11.1.3",
      "type": "text"
    },
    {
      "datasource": {
        "type": "prometheus",
        "uid": "${DS_PROMETHEUS}"
      },
      "gridPos": {
        "h": 13,
        "w": 12,
        "x": 0,
        "y": 87
      },
      "id": 27,
      "options": {
        "code": {
          "language": "plaintext",
          "showLineNumbers": false,
          "showMiniMap": false
        },
        "content": "# Best Practices: Browser Compat Audits #\n### Page lacks the HTML doctype, thus triggering quirks mode ###\n*Specifying a doctype prevents the browser from switching to quirks mode, which can cause your page to render in unexpected ways.\nTo avoid it, add the <!DOCTYPE html> declaration to the top of your HTML document*\n### Properly define charset ###\n*A character encoding declaration is required. It can be done with a `<meta>` tag in the first 1024 bytes of the HTML or in the Content-Type HTTP response header*\n",
        "mode": "markdown"
      },
      "pluginVersion": "11.1.3",
      "type": "text"
    },
    {
      "datasource": {
        "type": "prometheus",
        "uid": "${DS_PROMETHEUS}"
      },
      "fieldConfig": {
        "defaults": {
          "color": {
            "mode": "thresholds"
          },
          "custom": {
            "align": "left",
            "cellOptions": {
              "type": "auto"
            },
            "inspect": false
          },
          "mappings": [],
          "thresholds": {
            "mode": "absolute",
            "steps": [
              {
                "color": "green"
              },
              {
                "color": "red",
                "value": 80
              }
            ]
          }
        },
        "overrides": [
          {
            "matcher": {
              "id": "byName",
              "options": "Failed Audits"
            },
            "properties": [
              {
                "id": "custom.width",
                "value": 542
              }
            ]
          }
        ]
      },
      "gridPos": {
        "h": 6,
        "w": 12,
        "x": 12,
        "y": 87
      },
      "id": 28,
      "options": {
        "cellHeight": "md",
        "footer": {
          "countRows": false,
          "fields": "",
          "reducer": [
            "sum"
          ],
          "show": false
        },
        "showHeader": true,
        "sortBy": []
      },
      "pluginVersion": "11.1.3",
      "targets": [
        {
          "datasource": {
            "type": "prometheus",
            "uid": "${DS_PROMETHEUS}"
          },
          "disableTextWrap": false,
          "editorMode": "code",
          "expr": "count by (title) (analyzerbpfailaudits{group=\"Browser Compat\"})\r\n",
          "format": "table",
          "fullMetaSearch": false,
          "includeNullMetadata": true,
          "instant": false,
          "legendFormat": "__auto",
          "range": true,
          "refId": "A",
          "useBackend": false
        }
      ],
      "title": "Analyzer - Browser Compat Failed Audits",
      "transformations": [
        {
          "id": "organize",
          "options": {
            "excludeByName": {
              "Time": true,
              "title": false
            },
            "includeByName": {},
            "indexByName": {
              "Time": 0,
              "Value": 3,
              "title": 2,
              "url": 1
            },
            "renameByName": {
              "Value": "Count",
              "title": "Failed Audits"
            }
          }
        },
        {
          "id": "groupBy",
          "options": {
            "fields": {
              "Count": {
                "aggregations": [
                  "count"
                ],
                "operation": "aggregate"
              },
              "Failed Audits": {
                "aggregations": [],
                "operation": "groupby"
              }
            }
          }
        }
      ],
      "type": "table"
    },
    {
      "datasource": {
        "type": "prometheus",
        "uid": "${DS_PROMETHEUS}"
      },
      "gridPos": {
        "h": 3,
        "w": 24,
        "x": 0,
        "y": 100
      },
      "id": 29,
      "options": {
        "code": {
          "language": "plaintext",
          "showLineNumbers": false,
          "showMiniMap": false
        },
        "content": "<span style=\"font-size:40px;\">Best Practices Group: General</span>\r\n",
        "mode": "html"
      },
      "pluginVersion": "11.1.3",
      "type": "text"
    },
    {
      "datasource": {
        "type": "prometheus",
        "uid": "${DS_PROMETHEUS}"
      },
      "gridPos": {
        "h": 28,
        "w": 12,
        "x": 0,
        "y": 103
      },
      "id": 30,
      "options": {
        "code": {
          "language": "plaintext",
          "showLineNumbers": false,
          "showMiniMap": false
        },
        "content": "# Best Practices: General Audits #\n### Detected JavaScript libraries ###\n*This audit simply lists all the front-end JavaScript libraries your page uses.\nAlso reports front-end JavaScript libraries with known security risks. Make sure to update any insecure libraries*\n\n### Uses deprecated APIs ###\n*Deprecated APIs are scheduled to be removed from Chrome. Calling these APIs after they're removed causes errors on your site*\n\n### Browser errors were logged to the console ###\n*Most browsers ship with built-in developer tools. These developer tools usually include a console. The console gives you information about the page that's currently running*\n\n*Messages logged in the console come from either the web developers who built the page or the browser itself. All console messages have a severity level: `Verbose`, `Info`, `Warning`, or `Error`. An Error message means there's a problem on your page that you need to resolve*\n\n### Page has valid source maps ###\n*Source maps translate minified code to the original source code. This helps developers debug in production. Consider deploying source maps to take advantage of these benefits*\n\n### No issues in the `Issues` panel in Chrome Devtools ###\n*Issues logged to the `Issues` panel in Chrome Devtools indicate unresolved problems. They can come from network request failures, insufficient security controls, and other browser concerns*\n",
        "mode": "markdown"
      },
      "pluginVersion": "11.1.3",
      "type": "text"
    },
    {
      "datasource": {
        "type": "prometheus",
        "uid": "${DS_PROMETHEUS}"
      },
      "fieldConfig": {
        "defaults": {
          "color": {
            "mode": "thresholds"
          },
          "custom": {
            "align": "left",
            "cellOptions": {
              "type": "auto"
            },
            "inspect": false
          },
          "mappings": [],
          "thresholds": {
            "mode": "absolute",
            "steps": [
              {
                "color": "green"
              },
              {
                "color": "red",
                "value": 80
              }
            ]
          }
        },
        "overrides": [
          {
            "matcher": {
              "id": "byName",
              "options": "Failed Audits"
            },
            "properties": [
              {
                "id": "custom.width",
                "value": 540
              }
            ]
          }
        ]
      },
      "gridPos": {
        "h": 7,
        "w": 12,
        "x": 12,
        "y": 103
      },
      "id": 31,
      "options": {
        "cellHeight": "md",
        "footer": {
          "countRows": false,
          "fields": "",
          "reducer": [
            "sum"
          ],
          "show": false
        },
        "showHeader": true,
        "sortBy": []
      },
      "pluginVersion": "11.1.3",
      "targets": [
        {
          "datasource": {
            "type": "prometheus",
            "uid": "${DS_PROMETHEUS}"
          },
          "disableTextWrap": false,
          "editorMode": "code",
          "expr": "count by (title) (analyzerbpfailaudits{group=\"General\"})\r\n",
          "format": "table",
          "fullMetaSearch": false,
          "includeNullMetadata": true,
          "instant": false,
          "legendFormat": "__auto",
          "range": true,
          "refId": "A",
          "useBackend": false
        }
      ],
      "title": "Analyzer - General Failed Audits",
      "transformations": [
        {
          "id": "organize",
          "options": {
            "excludeByName": {
              "Time": true,
              "title": false
            },
            "includeByName": {},
            "indexByName": {
              "Time": 0,
              "Value": 3,
              "title": 2,
              "url": 1
            },
            "renameByName": {
              "Value": "Count",
              "title": "Failed Audits"
            }
          }
        },
        {
          "id": "groupBy",
          "options": {
            "fields": {
              "Count": {
                "aggregations": [
                  "count"
                ],
                "operation": "aggregate"
              },
              "Failed Audits": {
                "aggregations": [],
                "operation": "groupby"
              }
            }
          }
        }
      ],
      "type": "table"
    },
    {
      "datasource": {
        "type": "prometheus",
        "uid": "${DS_PROMETHEUS}"
      },
      "fieldConfig": {
        "defaults": {
          "color": {
            "mode": "thresholds"
          },
          "custom": {
            "align": "left",
            "cellOptions": {
              "type": "auto",
              "wrapText": false
            },
            "inspect": false
          },
          "mappings": [
            {
              "options": {
                "High": {
                  "color": "red",
                  "index": 0
                },
                "Low": {
                  "color": "green",
                  "index": 2
                },
                "Medium": {
                  "color": "orange",
                  "index": 1
                }
              },
              "type": "value"
            }
          ],
          "thresholds": {
            "mode": "absolute",
            "steps": [
              {
                "color": "green"
              },
              {
                "color": "red",
                "value": 80
              }
            ]
          }
        },
        "overrides": [
          {
            "matcher": {
              "id": "byName",
              "options": "Failed Audits"
            },
            "properties": [
              {
                "id": "custom.width",
                "value": 186
              }
            ]
          },
          {
            "matcher": {
              "id": "byName",
              "options": "Severity"
            },
            "properties": [
              {
                "id": "custom.width",
                "value": 98
              },
              {
                "id": "custom.cellOptions",
                "value": {
                  "type": "color-text"
                }
              }
            ]
          },
          {
            "matcher": {
              "id": "byName",
              "options": "Description"
            },
            "properties": [
              {
                "id": "custom.width",
                "value": 311
              }
            ]
          },
          {
            "matcher": {
              "id": "byName",
              "options": "Affected URL's"
            },
            "properties": [
              {
                "id": "custom.width",
                "value": 205
              }
            ]
          }
        ]
      },
      "gridPos": {
        "h": 7,
        "w": 12,
        "x": 12,
        "y": 110
      },
      "id": 32,
      "options": {
        "cellHeight": "md",
        "footer": {
          "countRows": false,
          "fields": "",
          "reducer": [
            "sum"
          ],
          "show": false
        },
        "showHeader": true,
        "sortBy": [
          {
            "desc": true,
            "displayName": "Count"
          }
        ]
      },
      "pluginVersion": "11.1.3",
      "targets": [
        {
          "datasource": {
            "type": "prometheus",
            "uid": "${DS_PROMETHEUS}"
          },
          "disableTextWrap": false,
          "editorMode": "code",
          "expr": "count by (title, GUrl, GDescription, DisplayedAspectRatio) (analyzerbpfailaudits{group=\"General\",title=\"Browser errors were logged to the console\"})\r\n",
          "format": "table",
          "fullMetaSearch": false,
          "includeNullMetadata": true,
          "instant": false,
          "legendFormat": "__auto",
          "range": true,
          "refId": "A",
          "useBackend": false
        }
      ],
      "title": "Analyzer - Browser errors were logged to the console Audits",
      "transformations": [
        {
          "id": "organize",
          "options": {
            "excludeByName": {
              "Time": true,
              "title": false
            },
            "includeByName": {},
            "indexByName": {
              "GDescription": 3,
              "GUrl": 2,
              "Time": 0,
              "Value": 4,
              "title": 1
            },
            "renameByName": {
              "ActualAspectRatio": "Actual Aspect Ratio",
              "DisplayedAspectRatio": "Displayed Aspect Ratio",
              "GDescription": "Reason",
              "GUrl": "Affected URL's",
              "RUrl": "Affected URL's",
              "Value": "Count",
              "description": "Description",
              "severity": "Severity",
              "title": "Failed Audits"
            }
          }
        },
        {
          "disabled": true,
          "id": "groupBy",
          "options": {
            "fields": {
              "Actual Aspect Ratio": {
                "aggregations": [
                  "lastNotNull"
                ],
                "operation": "aggregate"
              },
              "Affected URL's": {
                "aggregations": [
                  "lastNotNull"
                ],
                "operation": "aggregate"
              },
              "Count": {
                "aggregations": [
                  "count"
                ],
                "operation": "aggregate"
              },
              "Displayed Aspect Ratio": {
                "aggregations": [
                  "lastNotNull"
                ],
                "operation": "aggregate"
              },
              "Failed Audits": {
                "aggregations": [],
                "operation": "groupby"
              },
              "Reason": {
                "aggregations": [
                  "lastNotNull"
                ],
                "operation": "aggregate"
              },
              "Severity": {
                "aggregations": [
                  "lastNotNull"
                ],
                "operation": "aggregate"
              }
            }
          }
        }
      ],
      "type": "table"
    },
    {
      "datasource": {
        "type": "prometheus",
        "uid": "${DS_PROMETHEUS}"
      },
      "fieldConfig": {
        "defaults": {
          "color": {
            "mode": "thresholds"
          },
          "custom": {
            "align": "left",
            "cellOptions": {
              "type": "auto",
              "wrapText": false
            },
            "inspect": false
          },
          "mappings": [
            {
              "options": {
                "High": {
                  "color": "red",
                  "index": 0
                },
                "Low": {
                  "color": "green",
                  "index": 2
                },
                "Medium": {
                  "color": "orange",
                  "index": 1
                }
              },
              "type": "value"
            }
          ],
          "thresholds": {
            "mode": "absolute",
            "steps": [
              {
                "color": "green"
              },
              {
                "color": "red",
                "value": 80
              }
            ]
          }
        },
        "overrides": [
          {
            "matcher": {
              "id": "byName",
              "options": "Failed Audits"
            },
            "properties": [
              {
                "id": "custom.width",
                "value": 318
              }
            ]
          },
          {
            "matcher": {
              "id": "byName",
              "options": "Severity"
            },
            "properties": [
              {
                "id": "custom.width",
                "value": 98
              },
              {
                "id": "custom.cellOptions",
                "value": {
                  "type": "color-text"
                }
              }
            ]
          },
          {
            "matcher": {
              "id": "byName",
              "options": "Description"
            },
            "properties": [
              {
                "id": "custom.width",
                "value": 311
              }
            ]
          },
          {
            "matcher": {
              "id": "byName",
              "options": "Affected URL's"
            },
            "properties": [
              {
                "id": "custom.width",
                "value": 205
              }
            ]
          }
        ]
      },
      "gridPos": {
        "h": 7,
        "w": 12,
        "x": 12,
        "y": 117
      },
      "id": 33,
      "options": {
        "cellHeight": "md",
        "footer": {
          "countRows": false,
          "fields": "",
          "reducer": [
            "sum"
          ],
          "show": false
        },
        "showHeader": true,
        "sortBy": [
          {
            "desc": true,
            "displayName": "Count"
          }
        ]
      },
      "pluginVersion": "11.1.3",
      "targets": [
        {
          "datasource": {
            "type": "prometheus",
            "uid": "${DS_PROMETHEUS}"
          },
          "disableTextWrap": false,
          "editorMode": "code",
          "expr": "count by (title, issueType, IUrl, DisplayedAspectRatio) (analyzerbpfailaudits{group=\"General\",title=\"Issues were logged in the `Issues` panel in Chrome Devtools\"})\r\n",
          "format": "table",
          "fullMetaSearch": false,
          "includeNullMetadata": true,
          "instant": false,
          "legendFormat": "__auto",
          "range": true,
          "refId": "A",
          "useBackend": false
        }
      ],
      "title": "Analyzer - Issues were logged in the `Issues` panel in Chrome Devtools Audits",
      "transformations": [
        {
          "id": "organize",
          "options": {
            "excludeByName": {
              "Time": true,
              "title": false
            },
            "includeByName": {},
            "indexByName": {
              "Time": 0,
              "Value": 3,
              "issueType": 2,
              "title": 1
            },
            "renameByName": {
              "ActualAspectRatio": "Actual Aspect Ratio",
              "DisplayedAspectRatio": "Displayed Aspect Ratio",
              "GDescription": "Reason",
              "GUrl": "Affected URL's",
              "RUrl": "Affected URL's",
              "Value": "Count",
              "description": "Description",
              "issueType": "Issue Type",
              "severity": "Severity",
              "title": "Failed Audits"
            }
          }
        },
        {
          "disabled": true,
          "id": "groupBy",
          "options": {
            "fields": {
              "Actual Aspect Ratio": {
                "aggregations": [
                  "lastNotNull"
                ],
                "operation": "aggregate"
              },
              "Affected URL's": {
                "aggregations": [
                  "lastNotNull"
                ],
                "operation": "aggregate"
              },
              "Count": {
                "aggregations": [
                  "count"
                ],
                "operation": "aggregate"
              },
              "Displayed Aspect Ratio": {
                "aggregations": [
                  "lastNotNull"
                ],
                "operation": "aggregate"
              },
              "Failed Audits": {
                "aggregations": [],
                "operation": "groupby"
              },
              "Reason": {
                "aggregations": [
                  "lastNotNull"
                ],
                "operation": "aggregate"
              },
              "Severity": {
                "aggregations": [
                  "lastNotNull"
                ],
                "operation": "aggregate"
              },
              "issueType": {
                "aggregations": [
                  "lastNotNull"
                ],
                "operation": "aggregate"
              }
            }
          }
        }
      ],
      "type": "table"
    },
    {
      "datasource": {
        "type": "prometheus",
        "uid": "${DS_PROMETHEUS}"
      },
      "fieldConfig": {
        "defaults": {
          "color": {
            "mode": "thresholds"
          },
          "custom": {
            "align": "left",
            "cellOptions": {
              "type": "auto",
              "wrapText": false
            },
            "inspect": false
          },
          "mappings": [
            {
              "options": {
                "High": {
                  "color": "red",
                  "index": 0
                },
                "Low": {
                  "color": "green",
                  "index": 2
                },
                "Medium": {
                  "color": "orange",
                  "index": 1
                }
              },
              "type": "value"
            }
          ],
          "thresholds": {
            "mode": "absolute",
            "steps": [
              {
                "color": "green"
              },
              {
                "color": "red",
                "value": 80
              }
            ]
          }
        },
        "overrides": [
          {
            "matcher": {
              "id": "byName",
              "options": "Failed Audits"
            },
            "properties": [
              {
                "id": "custom.width",
                "value": 318
              }
            ]
          },
          {
            "matcher": {
              "id": "byName",
              "options": "Severity"
            },
            "properties": [
              {
                "id": "custom.width",
                "value": 98
              },
              {
                "id": "custom.cellOptions",
                "value": {
                  "type": "color-text"
                }
              }
            ]
          },
          {
            "matcher": {
              "id": "byName",
              "options": "Description"
            },
            "properties": [
              {
                "id": "custom.width",
                "value": 311
              }
            ]
          },
          {
            "matcher": {
              "id": "byName",
              "options": "Affected URL's"
            },
            "properties": [
              {
                "id": "custom.width",
                "value": 205
              }
            ]
          }
        ]
      },
      "gridPos": {
        "h": 7,
        "w": 12,
        "x": 12,
        "y": 124
      },
      "id": 34,
      "options": {
        "cellHeight": "md",
        "footer": {
          "countRows": false,
          "fields": "",
          "reducer": [
            "sum"
          ],
          "show": false
        },
        "showHeader": true,
        "sortBy": [
          {
            "desc": true,
            "displayName": "Count"
          }
        ]
      },
      "pluginVersion": "11.1.3",
      "targets": [
        {
          "datasource": {
            "type": "prometheus",
            "uid": "${DS_PROMETHEUS}"
          },
          "disableTextWrap": false,
          "editorMode": "code",
          "expr": "count by (title, scriptUrl) (analyzerbpfailaudits{group=\"General\",title=\"Missing source maps for large first-party JavaScript\"})\r\n",
          "format": "table",
          "fullMetaSearch": false,
          "includeNullMetadata": true,
          "instant": false,
          "legendFormat": "__auto",
          "range": true,
          "refId": "A",
          "useBackend": false
        }
      ],
      "title": "Analyzer - Missing source maps for large first-party JavaScript Audits",
      "transformations": [
        {
          "id": "organize",
          "options": {
            "excludeByName": {
              "Time": true,
              "title": false
            },
            "includeByName": {},
            "indexByName": {
              "Time": 0,
              "Value": 3,
              "scriptUrl": 2,
              "title": 1
            },
            "renameByName": {
              "ActualAspectRatio": "Actual Aspect Ratio",
              "DisplayedAspectRatio": "Displayed Aspect Ratio",
              "GDescription": "Reason",
              "GUrl": "Affected URL's",
              "RUrl": "Affected URL's",
              "Value": "Count",
              "description": "Description",
              "issueType": "Issue Type",
              "scriptUrl": "Affected URL's",
              "severity": "Severity",
              "title": "Failed Audits"
            }
          }
        },
        {
          "disabled": true,
          "id": "groupBy",
          "options": {
            "fields": {
              "Actual Aspect Ratio": {
                "aggregations": [
                  "lastNotNull"
                ],
                "operation": "aggregate"
              },
              "Affected URL's": {
                "aggregations": [
                  "lastNotNull"
                ],
                "operation": "aggregate"
              },
              "Count": {
                "aggregations": [
                  "count"
                ],
                "operation": "aggregate"
              },
              "Displayed Aspect Ratio": {
                "aggregations": [
                  "lastNotNull"
                ],
                "operation": "aggregate"
              },
              "Failed Audits": {
                "aggregations": [],
                "operation": "groupby"
              },
              "Reason": {
                "aggregations": [
                  "lastNotNull"
                ],
                "operation": "aggregate"
              },
              "Severity": {
                "aggregations": [
                  "lastNotNull"
                ],
                "operation": "aggregate"
              },
              "issueType": {
                "aggregations": [
                  "lastNotNull"
                ],
                "operation": "aggregate"
              }
            }
          }
        }
      ],
      "type": "table"
    }
  ],
  "schemaVersion": 39,
  "tags": [],
  "templating": {
    "list": [
      {
        "datasource": {
          "type": "prometheus",
          "uid": "advgjmtb35ssgc"
        },
        "filters": [],
        "hide": 0,
        "label": "Analyzer - Compare Control",
        "name": "Control",
        "skipUrlSync": false,
        "type": "adhoc"
      }
    ]
  },
  "time": {
    "from": "now-6h",
    "to": "now"
  },
  "timepicker": {},
  "timezone": "browser",
  "title": "4. DEX - Best Practices Dashboard",
  "uid": "cdvj1phb6earkb",
  "version": 17,
  "weekStart": ""
}