{
  "__inputs": [
    {
      "name": "DS_PROMETHEUS",
      "label": "prometheus",
      "description": "",
      "type": "datasource",
      "pluginId": "prometheus",
      "pluginName": "Prometheus"
    }
  ],
  "__elements": {},
  "__requires": [
    {
      "type": "panel",
      "id": "gauge",
      "name": "Gauge",
      "version": ""
    },
    {
      "type": "grafana",
      "id": "grafana",
      "name": "Grafana",
      "version": "11.1.3"
    },
    {
      "type": "panel",
      "id": "piechart",
      "name": "Pie chart",
      "version": ""
    },
    {
      "type": "datasource",
      "id": "prometheus",
      "name": "Prometheus",
      "version": "1.0.0"
    },
    {
      "type": "panel",
      "id": "stat",
      "name": "Stat",
      "version": ""
    },
    {
      "type": "panel",
      "id": "table",
      "name": "Table",
      "version": ""
    },
    {
      "type": "panel",
      "id": "text",
      "name": "Text",
      "version": ""
    }
  ],
  "annotations": {
    "list": [
      {
        "builtIn": 1,
        "datasource": {
          "type": "grafana",
          "uid": "-- Grafana --"
        },
        "enable": true,
        "hide": true,
        "iconColor": "rgba(0, 211, 255, 1)",
        "name": "Annotations & Alerts",
        "type": "dashboard"
      }
    ]
  },
  "editable": true,
  "fiscalYearStartMonth": 0,
  "graphTooltip": 0,
  "id": null,
  "links": [],
  "panels": [
    {
      "datasource": {
        "type": "prometheus",
        "uid": "${DS_PROMETHEUS}"
      },
      "fieldConfig": {
        "defaults": {
          "color": {
            "mode": "continuous-RdYlGr"
          },
          "decimals": 2,
          "mappings": [],
          "thresholds": {
            "mode": "percentage",
            "steps": [
              {
                "color": "red",
                "value": null
              },
              {
                "color": "orange",
                "value": 60
              },
              {
                "color": "green",
                "value": 85
              }
            ]
          },
          "unit": "percentunit"
        },
        "overrides": [
          {
            "matcher": {
              "id": "byName",
              "options": "Time"
            },
            "properties": []
          }
        ]
      },
      "gridPos": {
        "h": 8,
        "w": 6,
        "x": 0,
        "y": 0
      },
      "id": 35,
      "links": [
        {
          "targetBlank": true,
          "title": "DEX - SEO Dashboard",
          "url": "http://localhost:8084/d/ddvj1sdgrh8g0a/dex-seo-dashboard?orgId=1&from=1724251180803&to=1724272780803"
        }
      ],
      "options": {
        "minVizHeight": 144,
        "minVizWidth": 75,
        "orientation": "auto",
        "reduceOptions": {
          "calcs": [
            "lastNotNull"
          ],
          "fields": "/^seoscore$/",
          "values": false
        },
        "showThresholdLabels": true,
        "showThresholdMarkers": true,
        "sizing": "manual",
        "text": {
          "valueSize": 22
        }
      },
      "pluginVersion": "11.1.3",
      "targets": [
        {
          "datasource": {
            "type": "prometheus",
            "uid": "${DS_PROMETHEUS}"
          },
          "disableTextWrap": false,
          "editorMode": "builder",
          "exemplar": false,
          "expr": "avg by(seoscore) (analyzeraudits)",
          "format": "table",
          "fullMetaSearch": false,
          "includeNullMetadata": true,
          "instant": false,
          "legendFormat": "__auto",
          "range": true,
          "refId": "A",
          "useBackend": false
        }
      ],
      "title": "Analyzer - SEO Overall Score",
      "type": "gauge"
    },
    {
      "datasource": {
        "type": "prometheus",
        "uid": "${DS_PROMETHEUS}"
      },
      "fieldConfig": {
        "defaults": {
          "color": {
            "mode": "palette-classic"
          },
          "custom": {
            "hideFrom": {
              "legend": false,
              "tooltip": false,
              "viz": false
            }
          },
          "mappings": []
        },
        "overrides": [
          {
            "matcher": {
              "id": "byName",
              "options": "count by(severity) (analyzerbpfailaudits)"
            },
            "properties": [
              {
                "id": "custom.hideFrom",
                "value": {
                  "legend": true,
                  "tooltip": true,
                  "viz": true
                }
              }
            ]
          }
        ]
      },
      "gridPos": {
        "h": 8,
        "w": 7,
        "x": 6,
        "y": 0
      },
      "id": 6,
      "options": {
        "displayLabels": [],
        "legend": {
          "displayMode": "list",
          "placement": "right",
          "showLegend": true,
          "values": [
            "value"
          ]
        },
        "pieType": "pie",
        "reduceOptions": {
          "calcs": [
            "lastNotNull"
          ],
          "fields": "",
          "values": false
        },
        "tooltip": {
          "mode": "multi",
          "sort": "none"
        }
      },
      "targets": [
        {
          "datasource": {
            "type": "prometheus",
            "uid": "${DS_PROMETHEUS}"
          },
          "disableTextWrap": false,
          "editorMode": "code",
          "expr": "count by(group) (analyzerseofailaudits)",
          "fullMetaSearch": false,
          "includeNullMetadata": true,
          "instant": false,
          "legendFormat": "__auto",
          "range": true,
          "refId": "A",
          "useBackend": false
        }
      ],
      "title": "Analyzer - SEO Failed Audits Categories",
      "type": "piechart"
    },
    {
      "datasource": {
        "type": "prometheus",
        "uid": "${DS_PROMETHEUS}"
      },
      "fieldConfig": {
        "defaults": {
          "color": {
            "mode": "thresholds"
          },
          "custom": {
            "align": "left",
            "cellOptions": {
              "type": "auto"
            },
            "inspect": false
          },
          "mappings": [],
          "thresholds": {
            "mode": "percentage",
            "steps": [
              {
                "color": "green",
                "value": null
              },
              {
                "color": "#EAB839",
                "value": 65
              },
              {
                "color": "red",
                "value": 80
              }
            ]
          },
          "unit": "percentunit"
        },
        "overrides": [
          {
            "matcher": {
              "id": "byName",
              "options": "Performance Score"
            },
            "properties": [
              {
                "id": "custom.cellOptions",
                "value": {
                  "type": "color-text"
                }
              }
            ]
          },
          {
            "matcher": {
              "id": "byName",
              "options": "Page Name"
            },
            "properties": [
              {
                "id": "custom.width",
                "value": 384
              }
            ]
          }
        ]
      },
      "gridPos": {
        "h": 8,
        "w": 11,
        "x": 13,
        "y": 0
      },
      "id": 7,
      "options": {
        "cellHeight": "sm",
        "footer": {
          "countRows": false,
          "fields": "",
          "reducer": [
            "sum"
          ],
          "show": false
        },
        "frameIndex": 0,
        "showHeader": true,
        "sortBy": []
      },
      "pluginVersion": "11.1.3",
      "targets": [
        {
          "datasource": {
            "type": "prometheus",
            "uid": "${DS_PROMETHEUS}"
          },
          "disableTextWrap": false,
          "editorMode": "builder",
          "expr": "avg by(seoscore, pageName) (analyzeraudits)",
          "format": "table",
          "fullMetaSearch": false,
          "includeNullMetadata": true,
          "instant": false,
          "legendFormat": "__auto",
          "range": true,
          "refId": "A",
          "useBackend": false
        }
      ],
      "title": "Analyzer - Page wise score",
      "transformations": [
        {
          "id": "organize",
          "options": {
            "excludeByName": {
              "Time": true,
              "Value": true
            },
            "includeByName": {},
            "indexByName": {
              "Time": 0,
              "Value": 3,
              "bestpracticesScore": 2,
              "pageName": 1
            },
            "renameByName": {
              "Value": "",
              "bestpracticesScore": "Best Practices Scores",
              "pageName": "Page Name",
              "performanceScore": "Performance Score",
              "seoscore": "SEO Score"
            }
          }
        },
        {
          "id": "groupBy",
          "options": {
            "fields": {
              "Best Practices Scores": {
                "aggregations": [
                  "lastNotNull"
                ],
                "operation": "aggregate"
              },
              "Page Name": {
                "aggregations": [],
                "operation": "groupby"
              },
              "Performance Score": {
                "aggregations": [
                  "lastNotNull"
                ],
                "operation": "aggregate"
              },
              "SEO Score": {
                "aggregations": [
                  "lastNotNull"
                ],
                "operation": "aggregate"
              }
            }
          }
        }
      ],
      "type": "table"
    },
    {
      "datasource": {
        "type": "prometheus",
        "uid": "${DS_PROMETHEUS}"
      },
      "gridPos": {
        "h": 14,
        "w": 12,
        "x": 0,
        "y": 8
      },
      "id": 8,
      "options": {
        "code": {
          "language": "plaintext",
          "showLineNumbers": false,
          "showMiniMap": false
        },
        "content": "# Manual SEO Testing #\n### Below are the areas where you need to test seo manually: ###\n\n- *Strip dates from URLs*\n- *Improve site loading times*\n- *Keyword variation have higher CTR*\n- *Action verbs in meta translate to higher conversion intent and conversion rates on-site*\n- *Stating the featured questions in headings lead for higher rankings*\n- *Include semantic variations of the focus keyword in each heading*\n- *Add internal links and external links*\n- *Make first 100 words more similar to the meta description*\n- *Add table of contents with anchor links to H2s*\n- *Add H3s to the table of contents and make the table of contents longer*\n- *Optimize keywords in calls to action (CTA)*",
        "mode": "markdown"
      },
      "pluginVersion": "11.1.3",
      "type": "text"
    },
    {
      "datasource": {
        "type": "prometheus",
        "uid": "${DS_PROMETHEUS}"
      },
      "fieldConfig": {
        "defaults": {
          "color": {
            "mode": "thresholds"
          },
          "custom": {
            "align": "left",
            "cellOptions": {
              "type": "auto"
            },
            "inspect": false
          },
          "mappings": [],
          "thresholds": {
            "mode": "percentage",
            "steps": [
              {
                "color": "green",
                "value": null
              },
              {
                "color": "#EAB839",
                "value": 65
              },
              {
                "color": "red",
                "value": 80
              }
            ]
          }
        },
        "overrides": [
          {
            "matcher": {
              "id": "byName",
              "options": "Performance Score"
            },
            "properties": [
              {
                "id": "custom.cellOptions",
                "value": {
                  "type": "color-text"
                }
              }
            ]
          },
          {
            "matcher": {
              "id": "byName",
              "options": "Page Name"
            },
            "properties": [
              {
                "id": "custom.width",
                "value": 393
              }
            ]
          },
          {
            "matcher": {
              "id": "byName",
              "options": "Passed Audits"
            },
            "properties": [
              {
                "id": "custom.width",
                "value": 276
              }
            ]
          },
          {
            "matcher": {
              "id": "byName",
              "options": "Group (lastNotNull)"
            },
            "properties": [
              {
                "id": "custom.width",
                "value": 95
              }
            ]
          },
          {
            "matcher": {
              "id": "byName",
              "options": "Description (lastNotNull)"
            },
            "properties": [
              {
                "id": "custom.width",
                "value": 173
              }
            ]
          }
        ]
      },
      "gridPos": {
        "h": 14,
        "w": 12,
        "x": 12,
        "y": 8
      },
      "id": 9,
      "options": {
        "cellHeight": "sm",
        "footer": {
          "countRows": false,
          "fields": "",
          "reducer": [
            "sum"
          ],
          "show": false
        },
        "frameIndex": 0,
        "showHeader": true,
        "sortBy": []
      },
      "pluginVersion": "11.1.3",
      "targets": [
        {
          "datasource": {
            "type": "prometheus",
            "uid": "${DS_PROMETHEUS}"
          },
          "disableTextWrap": false,
          "editorMode": "builder",
          "expr": "count by(title, group, description) (analyzerseopassaudits)",
          "format": "table",
          "fullMetaSearch": false,
          "includeNullMetadata": true,
          "instant": false,
          "legendFormat": "__auto",
          "range": true,
          "refId": "A",
          "useBackend": false
        }
      ],
      "title": "Analyzer - Page Passed Audits",
      "transformations": [
        {
          "id": "organize",
          "options": {
            "excludeByName": {
              "Time": true,
              "Value": false
            },
            "includeByName": {},
            "indexByName": {
              "Time": 0,
              "Value": 4,
              "description": 3,
              "group": 2,
              "title": 1
            },
            "renameByName": {
              "Value": "Count",
              "bestpracticesScore": "Best Practices Scores",
              "description": "Description",
              "group": "Group",
              "pageName": "Page Name",
              "performanceScore": "Performance Score",
              "title": "Passed Audits"
            }
          }
        },
        {
          "id": "groupBy",
          "options": {
            "fields": {
              "Best Practices Scores": {
                "aggregations": [
                  "lastNotNull"
                ],
                "operation": "aggregate"
              },
              "Count": {
                "aggregations": [
                  "count"
                ],
                "operation": "aggregate"
              },
              "Description": {
                "aggregations": [
                  "lastNotNull"
                ],
                "operation": "aggregate"
              },
              "Group": {
                "aggregations": [
                  "lastNotNull"
                ],
                "operation": "aggregate"
              },
              "Page Name": {
                "aggregations": [],
                "operation": "groupby"
              },
              "Passed Audits": {
                "aggregations": [],
                "operation": "groupby"
              },
              "Performance Score": {
                "aggregations": [
                  "lastNotNull"
                ],
                "operation": "aggregate"
              },
              "Value": {
                "aggregations": [
                  "count"
                ],
                "operation": "aggregate"
              },
              "description": {
                "aggregations": [
                  "lastNotNull"
                ],
                "operation": "aggregate"
              },
              "group": {
                "aggregations": [
                  "lastNotNull"
                ],
                "operation": "aggregate"
              },
              "title": {
                "aggregations": [],
                "operation": "groupby"
              }
            }
          }
        }
      ],
      "type": "table"
    },
    {
      "datasource": {
        "type": "prometheus",
        "uid": "${DS_PROMETHEUS}"
      },
      "fieldConfig": {
        "defaults": {
          "color": {
            "mode": "thresholds"
          },
          "custom": {
            "align": "left",
            "cellOptions": {
              "type": "auto"
            },
            "inspect": false
          },
          "mappings": [],
          "thresholds": {
            "mode": "percentage",
            "steps": [
              {
                "color": "green"
              },
              {
                "color": "#EAB839",
                "value": 65
              },
              {
                "color": "red",
                "value": 80
              }
            ]
          }
        },
        "overrides": [
          {
            "matcher": {
              "id": "byName",
              "options": "Performance Score"
            },
            "properties": [
              {
                "id": "custom.cellOptions",
                "value": {
                  "type": "color-text"
                }
              }
            ]
          },
          {
            "matcher": {
              "id": "byName",
              "options": "Page Name"
            },
            "properties": [
              {
                "id": "custom.width",
                "value": 393
              }
            ]
          },
          {
            "matcher": {
              "id": "byName",
              "options": "Passed Audits"
            },
            "properties": [
              {
                "id": "custom.width",
                "value": 432
              }
            ]
          },
          {
            "matcher": {
              "id": "byName",
              "options": "Group (lastNotNull)"
            },
            "properties": [
              {
                "id": "custom.width",
                "value": 127
              }
            ]
          },
          {
            "matcher": {
              "id": "byName",
              "options": "Description (lastNotNull)"
            },
            "properties": [
              {
                "id": "custom.width",
                "value": 605
              }
            ]
          }
        ]
      },
      "gridPos": {
        "h": 10,
        "w": 24,
        "x": 0,
        "y": 22
      },
      "id": 10,
      "options": {
        "cellHeight": "sm",
        "footer": {
          "countRows": false,
          "fields": "",
          "reducer": [
            "sum"
          ],
          "show": false
        },
        "frameIndex": 0,
        "showHeader": true,
        "sortBy": []
      },
      "pluginVersion": "11.1.3",
      "targets": [
        {
          "datasource": {
            "type": "prometheus",
            "uid": "${DS_PROMETHEUS}"
          },
          "disableTextWrap": false,
          "editorMode": "builder",
          "expr": "count by(title, group, description) (analyzerseofailaudits)",
          "format": "table",
          "fullMetaSearch": false,
          "includeNullMetadata": true,
          "instant": false,
          "legendFormat": "__auto",
          "range": true,
          "refId": "A",
          "useBackend": false
        }
      ],
      "title": "Analyzer - Page Failed Audits",
      "transformations": [
        {
          "id": "organize",
          "options": {
            "excludeByName": {
              "Time": true,
              "Value": false
            },
            "includeByName": {},
            "indexByName": {
              "Time": 0,
              "Value": 4,
              "description": 3,
              "group": 2,
              "title": 1
            },
            "renameByName": {
              "Value": "Count",
              "bestpracticesScore": "Best Practices Scores",
              "description": "Description",
              "group": "Group",
              "pageName": "Page Name",
              "performanceScore": "Performance Score",
              "title": "Passed Audits"
            }
          }
        },
        {
          "id": "groupBy",
          "options": {
            "fields": {
              "Best Practices Scores": {
                "aggregations": [
                  "lastNotNull"
                ],
                "operation": "aggregate"
              },
              "Count": {
                "aggregations": [
                  "count"
                ],
                "operation": "aggregate"
              },
              "Description": {
                "aggregations": [
                  "lastNotNull"
                ],
                "operation": "aggregate"
              },
              "Group": {
                "aggregations": [
                  "lastNotNull"
                ],
                "operation": "aggregate"
              },
              "Page Name": {
                "aggregations": [],
                "operation": "groupby"
              },
              "Passed Audits": {
                "aggregations": [],
                "operation": "groupby"
              },
              "Performance Score": {
                "aggregations": [
                  "lastNotNull"
                ],
                "operation": "aggregate"
              },
              "Value": {
                "aggregations": [
                  "count"
                ],
                "operation": "aggregate"
              },
              "description": {
                "aggregations": [
                  "lastNotNull"
                ],
                "operation": "aggregate"
              },
              "group": {
                "aggregations": [
                  "lastNotNull"
                ],
                "operation": "aggregate"
              },
              "title": {
                "aggregations": [],
                "operation": "groupby"
              }
            }
          }
        }
      ],
      "type": "table"
    },
    {
      "datasource": {
        "type": "prometheus",
        "uid": "${DS_PROMETHEUS}"
      },
      "gridPos": {
        "h": 2,
        "w": 24,
        "x": 0,
        "y": 32
      },
      "id": 11,
      "options": {
        "code": {
          "language": "plaintext",
          "showLineNumbers": false,
          "showMiniMap": false
        },
        "content": ">[*SEO Groups*]()",
        "mode": "markdown"
      },
      "pluginVersion": "11.1.3",
      "type": "text"
    },
    {
      "datasource": {
        "type": "prometheus",
        "uid": "${DS_PROMETHEUS}"
      },
      "fieldConfig": {
        "defaults": {
          "color": {
            "mode": "thresholds"
          },
          "mappings": [],
          "thresholds": {
            "mode": "absolute",
            "steps": [
              {
                "color": "green"
              },
              {
                "color": "red",
                "value": 80
              }
            ]
          }
        },
        "overrides": []
      },
      "gridPos": {
        "h": 7,
        "w": 8,
        "x": 0,
        "y": 34
      },
      "id": 12,
      "options": {
        "colorMode": "value",
        "graphMode": "area",
        "justifyMode": "auto",
        "orientation": "auto",
        "percentChangeColorMode": "standard",
        "reduceOptions": {
          "calcs": [
            "lastNotNull"
          ],
          "fields": "",
          "values": false
        },
        "showPercentChange": false,
        "textMode": "auto",
        "wideLayout": true
      },
      "pluginVersion": "11.1.3",
      "targets": [
        {
          "datasource": {
            "type": "prometheus",
            "uid": "${DS_PROMETHEUS}"
          },
          "editorMode": "code",
          "expr": "count(analyzerseofailaudits{group=~\"Content\"})",
          "hide": false,
          "instant": false,
          "legendFormat": "__auto",
          "range": true,
          "refId": "A"
        }
      ],
      "title": "SEO Content Count",
      "type": "stat"
    },
    {
      "datasource": {
        "type": "prometheus",
        "uid": "${DS_PROMETHEUS}"
      },
      "fieldConfig": {
        "defaults": {
          "color": {
            "mode": "thresholds"
          },
          "mappings": [],
          "noValue": "0",
          "thresholds": {
            "mode": "absolute",
            "steps": [
              {
                "color": "green"
              },
              {
                "color": "red",
                "value": 80
              }
            ]
          }
        },
        "overrides": []
      },
      "gridPos": {
        "h": 7,
        "w": 8,
        "x": 8,
        "y": 34
      },
      "id": 13,
      "options": {
        "colorMode": "value",
        "graphMode": "area",
        "justifyMode": "auto",
        "orientation": "auto",
        "percentChangeColorMode": "standard",
        "reduceOptions": {
          "calcs": [
            "lastNotNull"
          ],
          "fields": "",
          "values": false
        },
        "showPercentChange": false,
        "textMode": "auto",
        "wideLayout": true
      },
      "pluginVersion": "11.1.3",
      "targets": [
        {
          "datasource": {
            "type": "prometheus",
            "uid": "${DS_PROMETHEUS}"
          },
          "editorMode": "code",
          "expr": "count(analyzerseofailaudits{group=~\"Crawl\"})",
          "hide": false,
          "instant": false,
          "legendFormat": "__auto",
          "range": true,
          "refId": "A"
        }
      ],
      "title": "SEO Crawl Count",
      "type": "stat"
    },
    {
      "datasource": {
        "type": "prometheus",
        "uid": "${DS_PROMETHEUS}"
      },
      "fieldConfig": {
        "defaults": {
          "color": {
            "mode": "thresholds"
          },
          "mappings": [],
          "noValue": "0",
          "thresholds": {
            "mode": "absolute",
            "steps": [
              {
                "color": "green"
              },
              {
                "color": "red",
                "value": 80
              }
            ]
          }
        },
        "overrides": []
      },
      "gridPos": {
        "h": 7,
        "w": 8,
        "x": 16,
        "y": 34
      },
      "id": 14,
      "options": {
        "colorMode": "value",
        "graphMode": "area",
        "justifyMode": "auto",
        "orientation": "auto",
        "percentChangeColorMode": "standard",
        "reduceOptions": {
          "calcs": [
            "lastNotNull"
          ],
          "fields": "",
          "values": false
        },
        "showPercentChange": false,
        "textMode": "auto",
        "wideLayout": true
      },
      "pluginVersion": "11.1.3",
      "targets": [
        {
          "datasource": {
            "type": "prometheus",
            "uid": "${DS_PROMETHEUS}"
          },
          "editorMode": "code",
          "expr": "count(analyzerseofailaudits{group=~\"Mobile\"})",
          "hide": false,
          "instant": false,
          "legendFormat": "__auto",
          "range": true,
          "refId": "A"
        }
      ],
      "title": "SEO Mobile Count",
      "type": "stat"
    },
    {
      "datasource": {
        "type": "prometheus",
        "uid": "${DS_PROMETHEUS}"
      },
      "gridPos": {
        "h": 3,
        "w": 24,
        "x": 0,
        "y": 41
      },
      "id": 16,
      "options": {
        "code": {
          "language": "plaintext",
          "showLineNumbers": false,
          "showMiniMap": false
        },
        "content": "<span style=\"font-size:40px;\">SEO Group: Content</span>\r\n",
        "mode": "html"
      },
      "pluginVersion": "11.1.3",
      "type": "text"
    },
    {
      "datasource": {
        "type": "prometheus",
        "uid": "${DS_PROMETHEUS}"
      },
      "gridPos": {
        "h": 24,
        "w": 12,
        "x": 0,
        "y": 44
      },
      "id": 17,
      "options": {
        "code": {
          "language": "plaintext",
          "showLineNumbers": false,
          "showMiniMap": false
        },
        "content": "# SEO: Content Audits #\n### Document doesn't have a `<title>` element ###\n*Having a `<title>` element on every page helps all your users:*\n- *Search engine users rely on the title to determine whether a page is relevant to their search*\n- *The title also gives users of screen readers and other assistive technologies an overview of the page. The title is the first text that an assistive technology announces*\n\n### Document does not have a meta description ###\n*The `<meta name=\"description\">` element provides a summary of a page's content that search engines include in search results. A high-quality, unique meta description makes your page appear more relevant and can increase your search traffic. The audit fails if:*\n- *Your page doesn't have a `<meta name=description>` element*\n- *The `content` attribute of the `<meta name=description>` element is empty*\n\n### Links do not have descriptive text ###\n*Link text is the clickable word or phrase in a hyperlink. When link text clearly conveys a hyperlink's target, both users and search engines can more easily understand your content and how it relates to other pages.\nLink text best practices:*\n- *Stay on topic. Don't use link text that has no relation to the page's content*\n- *Don't use the page's URL as the link description unless you have a good reason to do so, such as referencing a site's new address*\n- *Keep descriptions concise. Aim for a few words or a short phrase*\n- *Pay attention to your internal links too. Improving the quality of internal links can help both users and search engines navigate your site more easily*\n\n### Document doesn't have a valid `hreflang` ###\n*Many sites provide different versions of a page based on a user's language or region. `hreflang` links tell search engines the URLs for all the versions of a page so that they can display the correct version for each language or region. The hreflang value must always specify a language code and must follow ISO 639-1 format*\n\n### Document does not have a valid `rel=canonical` ###\n*When multiple pages have similar content, search engines consider them duplicate versions of the same page. For example, desktop and mobile versions of a product page are often considered duplicates.\nSearch engines select one of the pages as the canonical, or primary, version and crawl that one more. Valid canonical links let you tell search engines which version of a page to crawl and display to users in search results. Using canonical links has many advantages:*\n- *It helps search engines consolidate multiple URLs into a single, preferred URL. For example, if other sites put query parameters on the ends of links to your page, search engines consolidate those URLs to your preferred version*\n- *It simplifies tracking methods. Tracking one URL is easier than tracking many*\n- *It improves the page ranking of syndicated content by consolidating the syndicated links to your original content back to your preferred URL*\n\n### Document uses plugins ###\n*Search engines often can't index content that relies on browser plugins, such as Java or Flash. That means plugin-based content doesn't show up in search results.\nAlso, most mobile devices don't support plugins, which creates frustrating experiences for mobile users*\n\n\n### Image elements do not have `[alt]` attributes ###\n*Informative elements should aim for short, descriptive alternate text. Decorative elements can be ignored with an empty alt attribute*",
        "mode": "markdown"
      },
      "pluginVersion": "11.1.3",
      "type": "text"
    },
    {
      "datasource": {
        "type": "prometheus",
        "uid": "${DS_PROMETHEUS}"
      },
      "fieldConfig": {
        "defaults": {
          "color": {
            "mode": "thresholds"
          },
          "custom": {
            "align": "left",
            "cellOptions": {
              "type": "auto"
            },
            "inspect": false
          },
          "mappings": [],
          "thresholds": {
            "mode": "absolute",
            "steps": [
              {
                "color": "green"
              },
              {
                "color": "red",
                "value": 80
              }
            ]
          }
        },
        "overrides": [
          {
            "matcher": {
              "id": "byName",
              "options": "Failed Audits"
            },
            "properties": [
              {
                "id": "custom.width",
                "value": 542
              }
            ]
          }
        ]
      },
      "gridPos": {
        "h": 6,
        "w": 12,
        "x": 12,
        "y": 44
      },
      "id": 18,
      "options": {
        "cellHeight": "md",
        "footer": {
          "countRows": false,
          "fields": "",
          "reducer": [
            "sum"
          ],
          "show": false
        },
        "showHeader": true,
        "sortBy": []
      },
      "pluginVersion": "11.1.3",
      "targets": [
        {
          "datasource": {
            "type": "prometheus",
            "uid": "${DS_PROMETHEUS}"
          },
          "disableTextWrap": false,
          "editorMode": "code",
          "expr": "count by (title) (analyzerseofailaudits{group=\"Content\"})\r\n",
          "format": "table",
          "fullMetaSearch": false,
          "includeNullMetadata": true,
          "instant": false,
          "legendFormat": "__auto",
          "range": true,
          "refId": "A",
          "useBackend": false
        }
      ],
      "title": "Analyzer - Content Failed Audits",
      "transformations": [
        {
          "id": "organize",
          "options": {
            "excludeByName": {
              "Time": true,
              "title": false
            },
            "includeByName": {},
            "indexByName": {
              "Time": 0,
              "Value": 3,
              "title": 2,
              "url": 1
            },
            "renameByName": {
              "Value": "Count",
              "title": "Failed Audits"
            }
          }
        },
        {
          "id": "groupBy",
          "options": {
            "fields": {
              "Count": {
                "aggregations": [
                  "count"
                ],
                "operation": "aggregate"
              },
              "Failed Audits": {
                "aggregations": [],
                "operation": "groupby"
              }
            }
          }
        }
      ],
      "type": "table"
    },
    {
      "datasource": {
        "type": "prometheus",
        "uid": "${DS_PROMETHEUS}"
      },
      "fieldConfig": {
        "defaults": {
          "color": {
            "mode": "thresholds"
          },
          "custom": {
            "align": "left",
            "cellOptions": {
              "type": "auto"
            },
            "inspect": false
          },
          "mappings": [],
          "thresholds": {
            "mode": "absolute",
            "steps": [
              {
                "color": "green"
              },
              {
                "color": "red",
                "value": 80
              }
            ]
          }
        },
        "overrides": [
          {
            "matcher": {
              "id": "byName",
              "options": "Failed Audits"
            },
            "properties": [
              {
                "id": "custom.width",
                "value": 112
              }
            ]
          },
          {
            "matcher": {
              "id": "byName",
              "options": "Affected Hyperlinks (lastNotNull)"
            },
            "properties": [
              {
                "id": "custom.width",
                "value": 271
              }
            ]
          }
        ]
      },
      "gridPos": {
        "h": 8,
        "w": 12,
        "x": 12,
        "y": 50
      },
      "id": 19,
      "options": {
        "cellHeight": "md",
        "footer": {
          "countRows": false,
          "fields": "",
          "reducer": [
            "sum"
          ],
          "show": false
        },
        "showHeader": true,
        "sortBy": []
      },
      "pluginVersion": "11.1.3",
      "targets": [
        {
          "datasource": {
            "type": "prometheus",
            "uid": "${DS_PROMETHEUS}"
          },
          "disableTextWrap": false,
          "editorMode": "code",
          "expr": "count by (title, href, text) (analyzerseofailaudits{group=\"Content\",title=\"Links do not have descriptive text\"})",
          "format": "table",
          "fullMetaSearch": false,
          "includeNullMetadata": true,
          "instant": false,
          "legendFormat": "__auto",
          "range": true,
          "refId": "A",
          "useBackend": false
        }
      ],
      "title": "Analyzer - Links do not have descriptive text Audits",
      "transformations": [
        {
          "id": "organize",
          "options": {
            "excludeByName": {
              "Time": true,
              "title": false
            },
            "includeByName": {},
            "indexByName": {
              "Time": 0,
              "Value": 4,
              "href": 2,
              "text": 3,
              "title": 1
            },
            "renameByName": {
              "Value": "Count",
              "href": "Affected Hyperlinks",
              "text": "Text to Change",
              "title": "Failed Audits"
            }
          }
        },
        {
          "id": "groupBy",
          "options": {
            "fields": {
              "Affected Hyperlinks": {
                "aggregations": [
                  "lastNotNull"
                ],
                "operation": "aggregate"
              },
              "Count": {
                "aggregations": [
                  "count"
                ],
                "operation": "aggregate"
              },
              "Failed Audits": {
                "aggregations": [],
                "operation": "groupby"
              },
              "Text to Change": {
                "aggregations": [
                  "lastNotNull"
                ],
                "operation": "aggregate"
              },
              "href": {
                "aggregations": [
                  "lastNotNull"
                ],
                "operation": "aggregate"
              },
              "text": {
                "aggregations": [
                  "lastNotNull"
                ],
                "operation": "aggregate"
              }
            }
          }
        }
      ],
      "type": "table"
    },
    {
      "datasource": {
        "type": "prometheus",
        "uid": "${DS_PROMETHEUS}"
      },
      "fieldConfig": {
        "defaults": {
          "color": {
            "mode": "thresholds"
          },
          "custom": {
            "align": "left",
            "cellOptions": {
              "type": "auto"
            },
            "inspect": false
          },
          "mappings": [],
          "thresholds": {
            "mode": "absolute",
            "steps": [
              {
                "color": "green"
              },
              {
                "color": "red",
                "value": 80
              }
            ]
          }
        },
        "overrides": [
          {
            "matcher": {
              "id": "byName",
              "options": "Failed Audits"
            },
            "properties": [
              {
                "id": "custom.width",
                "value": 112
              }
            ]
          },
          {
            "matcher": {
              "id": "byName",
              "options": "Affected Hyperlinks (lastNotNull)"
            },
            "properties": [
              {
                "id": "custom.width",
                "value": 271
              }
            ]
          }
        ]
      },
      "gridPos": {
        "h": 10,
        "w": 12,
        "x": 12,
        "y": 58
      },
      "id": 36,
      "options": {
        "cellHeight": "md",
        "footer": {
          "countRows": false,
          "fields": "",
          "reducer": [
            "sum"
          ],
          "show": false
        },
        "showHeader": true,
        "sortBy": []
      },
      "pluginVersion": "11.1.3",
      "targets": [
        {
          "datasource": {
            "type": "prometheus",
            "uid": "${DS_PROMETHEUS}"
          },
          "disableTextWrap": false,
          "editorMode": "code",
          "expr": "count by (title, INodeLabel, IPath, ISelector, ISnippet) (analyzerseofailaudits{group=\"Content\",title=\"Image elements do not have `[alt]` attributes\"})",
          "format": "table",
          "fullMetaSearch": false,
          "includeNullMetadata": true,
          "instant": false,
          "legendFormat": "__auto",
          "range": true,
          "refId": "A",
          "useBackend": false
        }
      ],
      "title": "Analyzer - Image elements do not have `[alt]` attributes Audits",
      "transformations": [
        {
          "id": "organize",
          "options": {
            "excludeByName": {
              "Time": true,
              "title": false
            },
            "includeByName": {},
            "indexByName": {
              "INodeLabel": 2,
              "IPath": 3,
              "ISelector": 4,
              "ISnippet": 5,
              "Time": 0,
              "Value": 6,
              "title": 1
            },
            "renameByName": {
              "INodeLabel": "Image Node",
              "IPath": "Image Path",
              "ISelector": "Image Selector",
              "ISnippet": "Image URL",
              "Value": "Count",
              "href": "Affected Hyperlinks",
              "text": "Text to Change",
              "title": "Failed Audits"
            }
          }
        },
        {
          "id": "groupBy",
          "options": {
            "fields": {
              "Affected Hyperlinks": {
                "aggregations": [
                  "lastNotNull"
                ],
                "operation": "aggregate"
              },
              "Count": {
                "aggregations": [
                  "count"
                ],
                "operation": "aggregate"
              },
              "Failed Audits": {
                "aggregations": [],
                "operation": "groupby"
              },
              "Image Node": {
                "aggregations": [
                  "lastNotNull"
                ],
                "operation": "aggregate"
              },
              "Image Path": {
                "aggregations": [
                  "lastNotNull"
                ],
                "operation": "aggregate"
              },
              "Image Selector": {
                "aggregations": [
                  "lastNotNull"
                ],
                "operation": "aggregate"
              },
              "Image URL": {
                "aggregations": [
                  "lastNotNull"
                ],
                "operation": "aggregate"
              },
              "Text to Change": {
                "aggregations": [
                  "lastNotNull"
                ],
                "operation": "aggregate"
              },
              "href": {
                "aggregations": [
                  "lastNotNull"
                ],
                "operation": "aggregate"
              },
              "text": {
                "aggregations": [
                  "lastNotNull"
                ],
                "operation": "aggregate"
              }
            }
          }
        }
      ],
      "type": "table"
    },
    {
      "datasource": {
        "type": "prometheus",
        "uid": "${DS_PROMETHEUS}"
      },
      "gridPos": {
        "h": 3,
        "w": 24,
        "x": 0,
        "y": 68
      },
      "id": 22,
      "options": {
        "code": {
          "language": "plaintext",
          "showLineNumbers": false,
          "showMiniMap": false
        },
        "content": "<span style=\"font-size:40px;\">SEO Group: Crawl</span>\r\n",
        "mode": "html"
      },
      "pluginVersion": "11.1.3",
      "type": "text"
    },
    {
      "datasource": {
        "type": "prometheus",
        "uid": "${DS_PROMETHEUS}"
      },
      "gridPos": {
        "h": 20,
        "w": 12,
        "x": 0,
        "y": 71
      },
      "id": 23,
      "options": {
        "code": {
          "language": "plaintext",
          "showLineNumbers": false,
          "showMiniMap": false
        },
        "content": "# SEO: Crawl Audits #\n### Page has unsuccessful HTTP status code ###\n*Servers provide a three-digit HTTP status code for each resource request they receive. Status codes in the 400s and 500s indicate that there's an error with the requested resource. If a search engine encounters a status code error when it's crawling a web page, it may not index that page properly.*\n\n*To fix an unsuccessful HTTP status code, first make sure you actually want search engines to crawl the page. Some pages, like your 404 page or any other page that shows an error, shouldn't be included in search results.*\n\n*To fix an HTTP status code error, refer to the documentation for your server or hosting provider. The server should return a status code in the 200s for all valid URLs or a status code in the 300s for a resource that has moved to another URL.*\n\n### `robots.txt` is not valid ###\n*The `robots.txt` file tells search engines which of your site's pages they can crawl. An invalid `robots.txt` configuration can cause two types of problems:*\n\n- *It can keep search engines from crawling public pages, causing your content to show up less often in search results*\n- *It can cause search engines to crawl pages you may not want shown in search results*\n\n### Links are not crawlable ###\n*Search engines may use `href` attributes on links to crawl websites. Ensure that the `href` attribute of anchor elements links to an appropriate destination, so more pages of the site can be discovered*\n\n### Page isn’t blocked from indexing ###\n*Search engines are unable to include your pages in search results if they don't have permission to crawl them*\n",
        "mode": "markdown"
      },
      "pluginVersion": "11.1.3",
      "type": "text"
    },
    {
      "datasource": {
        "type": "prometheus",
        "uid": "${DS_PROMETHEUS}"
      },
      "fieldConfig": {
        "defaults": {
          "color": {
            "mode": "thresholds"
          },
          "custom": {
            "align": "left",
            "cellOptions": {
              "type": "auto"
            },
            "inspect": false
          },
          "mappings": [],
          "thresholds": {
            "mode": "absolute",
            "steps": [
              {
                "color": "green"
              },
              {
                "color": "red",
                "value": 80
              }
            ]
          }
        },
        "overrides": [
          {
            "matcher": {
              "id": "byName",
              "options": "Failed Audits"
            },
            "properties": [
              {
                "id": "custom.width",
                "value": 542
              }
            ]
          }
        ]
      },
      "gridPos": {
        "h": 6,
        "w": 12,
        "x": 12,
        "y": 71
      },
      "id": 24,
      "options": {
        "cellHeight": "md",
        "footer": {
          "countRows": false,
          "fields": "",
          "reducer": [
            "sum"
          ],
          "show": false
        },
        "showHeader": true,
        "sortBy": []
      },
      "pluginVersion": "11.1.3",
      "targets": [
        {
          "datasource": {
            "type": "prometheus",
            "uid": "${DS_PROMETHEUS}"
          },
          "disableTextWrap": false,
          "editorMode": "code",
          "expr": "count by (title) (analyzerseofailaudits{group=\"Crawl\"})\r\n",
          "format": "table",
          "fullMetaSearch": false,
          "includeNullMetadata": true,
          "instant": false,
          "legendFormat": "__auto",
          "range": true,
          "refId": "A",
          "useBackend": false
        }
      ],
      "title": "Analyzer - Crawl Failed Audits",
      "transformations": [
        {
          "id": "organize",
          "options": {
            "excludeByName": {
              "Time": true,
              "title": false
            },
            "includeByName": {},
            "indexByName": {
              "Time": 0,
              "Value": 3,
              "title": 2,
              "url": 1
            },
            "renameByName": {
              "Value": "Count",
              "title": "Failed Audits"
            }
          }
        },
        {
          "id": "groupBy",
          "options": {
            "fields": {
              "Count": {
                "aggregations": [
                  "count"
                ],
                "operation": "aggregate"
              },
              "Failed Audits": {
                "aggregations": [],
                "operation": "groupby"
              }
            }
          }
        }
      ],
      "type": "table"
    },
    {
      "datasource": {
        "type": "prometheus",
        "uid": "${DS_PROMETHEUS}"
      },
      "fieldConfig": {
        "defaults": {
          "color": {
            "mode": "thresholds"
          },
          "custom": {
            "align": "left",
            "cellOptions": {
              "type": "auto",
              "wrapText": false
            },
            "inspect": false
          },
          "mappings": [
            {
              "options": {
                "High": {
                  "color": "red",
                  "index": 0
                },
                "Low": {
                  "color": "green",
                  "index": 2
                },
                "Medium": {
                  "color": "orange",
                  "index": 1
                }
              },
              "type": "value"
            }
          ],
          "thresholds": {
            "mode": "absolute",
            "steps": [
              {
                "color": "green"
              },
              {
                "color": "red",
                "value": 80
              }
            ]
          }
        },
        "overrides": [
          {
            "matcher": {
              "id": "byName",
              "options": "Failed Audits"
            },
            "properties": [
              {
                "id": "custom.width",
                "value": 131
              }
            ]
          },
          {
            "matcher": {
              "id": "byName",
              "options": "Severity"
            },
            "properties": [
              {
                "id": "custom.width",
                "value": 98
              },
              {
                "id": "custom.cellOptions",
                "value": {
                  "type": "color-text"
                }
              }
            ]
          },
          {
            "matcher": {
              "id": "byName",
              "options": "Description"
            },
            "properties": [
              {
                "id": "custom.width",
                "value": 311
              }
            ]
          }
        ]
      },
      "gridPos": {
        "h": 7,
        "w": 12,
        "x": 12,
        "y": 77
      },
      "id": 25,
      "options": {
        "cellHeight": "md",
        "footer": {
          "countRows": false,
          "fields": "",
          "reducer": [
            "sum"
          ],
          "show": false
        },
        "showHeader": true,
        "sortBy": []
      },
      "pluginVersion": "11.1.3",
      "targets": [
        {
          "datasource": {
            "type": "prometheus",
            "uid": "${DS_PROMETHEUS}"
          },
          "disableTextWrap": false,
          "editorMode": "code",
          "expr": "count by (title, path, selector, CNodeLabel) (analyzerseofailaudits{group=\"Crawl\",title=\"Links are not crawlable\"})\r\n",
          "format": "table",
          "fullMetaSearch": false,
          "includeNullMetadata": true,
          "instant": false,
          "legendFormat": "__auto",
          "range": true,
          "refId": "A",
          "useBackend": false
        }
      ],
      "title": "Analyzer - Links are not crawlable Audits",
      "transformations": [
        {
          "id": "organize",
          "options": {
            "excludeByName": {
              "Time": true,
              "title": false
            },
            "includeByName": {},
            "indexByName": {
              "ActualAspectRatio": 3,
              "DisplayedAspectRatio": 4,
              "RUrl": 2,
              "Time": 0,
              "Value": 5,
              "title": 1
            },
            "renameByName": {
              "ActualAspectRatio": "Actual Aspect Ratio",
              "DisplayedAspectRatio": "Displayed Aspect Ratio",
              "RUrl": "Affected URL's",
              "Value": "Count",
              "description": "Description",
              "severity": "Severity",
              "title": "Failed Audits"
            }
          }
        },
        {
          "disabled": true,
          "id": "groupBy",
          "options": {
            "fields": {
              "Actual Aspect Ratio": {
                "aggregations": [
                  "lastNotNull"
                ],
                "operation": "aggregate"
              },
              "Affected URL's": {
                "aggregations": [
                  "lastNotNull"
                ],
                "operation": "aggregate"
              },
              "Count": {
                "aggregations": [
                  "count"
                ],
                "operation": "aggregate"
              },
              "Displayed Aspect Ratio": {
                "aggregations": [
                  "lastNotNull"
                ],
                "operation": "aggregate"
              },
              "Failed Audits": {
                "aggregations": [],
                "operation": "groupby"
              },
              "Severity": {
                "aggregations": [
                  "lastNotNull"
                ],
                "operation": "aggregate"
              }
            }
          }
        }
      ],
      "type": "table"
    },
    {
      "datasource": {
        "type": "prometheus",
        "uid": "${DS_PROMETHEUS}"
      },
      "fieldConfig": {
        "defaults": {
          "color": {
            "mode": "thresholds"
          },
          "custom": {
            "align": "left",
            "cellOptions": {
              "type": "auto",
              "wrapText": false
            },
            "inspect": false
          },
          "mappings": [
            {
              "options": {
                "High": {
                  "color": "red",
                  "index": 0
                },
                "Low": {
                  "color": "green",
                  "index": 2
                },
                "Medium": {
                  "color": "orange",
                  "index": 1
                }
              },
              "type": "value"
            }
          ],
          "thresholds": {
            "mode": "absolute",
            "steps": [
              {
                "color": "green"
              },
              {
                "color": "red",
                "value": 80
              }
            ]
          }
        },
        "overrides": [
          {
            "matcher": {
              "id": "byName",
              "options": "Failed Audits"
            },
            "properties": [
              {
                "id": "custom.width",
                "value": 131
              }
            ]
          },
          {
            "matcher": {
              "id": "byName",
              "options": "Severity"
            },
            "properties": [
              {
                "id": "custom.width",
                "value": 98
              },
              {
                "id": "custom.cellOptions",
                "value": {
                  "type": "color-text"
                }
              }
            ]
          },
          {
            "matcher": {
              "id": "byName",
              "options": "Description"
            },
            "properties": [
              {
                "id": "custom.width",
                "value": 311
              }
            ]
          }
        ]
      },
      "gridPos": {
        "h": 7,
        "w": 12,
        "x": 12,
        "y": 84
      },
      "id": 37,
      "options": {
        "cellHeight": "md",
        "footer": {
          "countRows": false,
          "fields": "",
          "reducer": [
            "sum"
          ],
          "show": false
        },
        "showHeader": true,
        "sortBy": []
      },
      "pluginVersion": "11.1.3",
      "targets": [
        {
          "datasource": {
            "type": "prometheus",
            "uid": "${DS_PROMETHEUS}"
          },
          "disableTextWrap": false,
          "editorMode": "code",
          "expr": "count by (title, Index, Line, Message) (analyzerseofailaudits{group=\"Crawl\",title=\"robots.txt is not valid\"})\r\n",
          "format": "table",
          "fullMetaSearch": false,
          "includeNullMetadata": true,
          "instant": false,
          "legendFormat": "__auto",
          "range": true,
          "refId": "A",
          "useBackend": false
        }
      ],
      "title": "Analyzer - Robots.txt is not valid Audits",
      "transformations": [
        {
          "id": "organize",
          "options": {
            "excludeByName": {
              "Time": true,
              "title": false
            },
            "includeByName": {},
            "indexByName": {
              "ActualAspectRatio": 3,
              "DisplayedAspectRatio": 4,
              "RUrl": 2,
              "Time": 0,
              "Value": 5,
              "title": 1
            },
            "renameByName": {
              "ActualAspectRatio": "Actual Aspect Ratio",
              "DisplayedAspectRatio": "Displayed Aspect Ratio",
              "RUrl": "Affected URL's",
              "Value": "Count",
              "description": "Description",
              "severity": "Severity",
              "title": "Failed Audits"
            }
          }
        },
        {
          "disabled": true,
          "id": "groupBy",
          "options": {
            "fields": {
              "Actual Aspect Ratio": {
                "aggregations": [
                  "lastNotNull"
                ],
                "operation": "aggregate"
              },
              "Affected URL's": {
                "aggregations": [
                  "lastNotNull"
                ],
                "operation": "aggregate"
              },
              "Count": {
                "aggregations": [
                  "count"
                ],
                "operation": "aggregate"
              },
              "Displayed Aspect Ratio": {
                "aggregations": [
                  "lastNotNull"
                ],
                "operation": "aggregate"
              },
              "Failed Audits": {
                "aggregations": [],
                "operation": "groupby"
              },
              "Severity": {
                "aggregations": [
                  "lastNotNull"
                ],
                "operation": "aggregate"
              }
            }
          }
        }
      ],
      "type": "table"
    },
    {
      "datasource": {
        "type": "prometheus",
        "uid": "${DS_PROMETHEUS}"
      },
      "gridPos": {
        "h": 3,
        "w": 24,
        "x": 0,
        "y": 91
      },
      "id": 29,
      "options": {
        "code": {
          "language": "plaintext",
          "showLineNumbers": false,
          "showMiniMap": false
        },
        "content": "<span style=\"font-size:40px;\">SEO Group: Mobile</span>\r\n",
        "mode": "html"
      },
      "pluginVersion": "11.1.3",
      "type": "text"
    },
    {
      "datasource": {
        "type": "prometheus",
        "uid": "${DS_PROMETHEUS}"
      },
      "gridPos": {
        "h": 21,
        "w": 12,
        "x": 0,
        "y": 94
      },
      "id": 30,
      "options": {
        "code": {
          "language": "plaintext",
          "showLineNumbers": false,
          "showMiniMap": false
        },
        "content": "# SEO: Mobile Audits #\n### Does not have a `<meta name=\"viewport\">` tag with `width` or `initial-scale` ###\n*Many search engines rank pages based on how mobile-friendly they are. Without a viewport meta tag, mobile devices render pages at typical desktop screen widths and then scale the pages down, making them difficult to read.*\n\n*Setting the viewport meta tag lets you control the width and scaling of the viewport so that it's sized correctly on all devices. A page fails the audit unless all of these conditions are met:*\n\n- *The document's <head> contains a <meta name=\"viewport\"> tag*\n- *The viewport meta tag contains a content attribute*\n- *The content attribute's value includes the text width=*\n\n### Document doesn't use legible font sizes ###\n*Many search engines rank pages based on how mobile-friendly they are. Font sizes smaller than 12 px are often difficult to read on mobile devices and may require users to zoom in to display text at a comfortable reading size*\n\n### Tap targets are not sized appropriately ###\n*Tap targets are the areas of a web page that users on touch devices can interact with. Buttons, links, and form elements all have tap targets.*\n\n*Many search engines rank pages based on how mobile-friendly they are. Making sure tap targets are big enough and far enough apart from each other makes your page more mobile-friendly and accessible. Targets that are smaller than 48 px by 48 px or closer than 8 px apart fail the audit*\n",
        "mode": "markdown"
      },
      "pluginVersion": "11.1.3",
      "type": "text"
    },
    {
      "datasource": {
        "type": "prometheus",
        "uid": "${DS_PROMETHEUS}"
      },
      "fieldConfig": {
        "defaults": {
          "color": {
            "mode": "thresholds"
          },
          "custom": {
            "align": "left",
            "cellOptions": {
              "type": "auto"
            },
            "inspect": false
          },
          "mappings": [],
          "thresholds": {
            "mode": "absolute",
            "steps": [
              {
                "color": "green"
              },
              {
                "color": "red",
                "value": 80
              }
            ]
          }
        },
        "overrides": [
          {
            "matcher": {
              "id": "byName",
              "options": "Failed Audits"
            },
            "properties": [
              {
                "id": "custom.width",
                "value": 540
              }
            ]
          }
        ]
      },
      "gridPos": {
        "h": 7,
        "w": 12,
        "x": 12,
        "y": 94
      },
      "id": 31,
      "options": {
        "cellHeight": "md",
        "footer": {
          "countRows": false,
          "fields": "",
          "reducer": [
            "sum"
          ],
          "show": false
        },
        "showHeader": true,
        "sortBy": [
          {
            "desc": true,
            "displayName": "Count (count)"
          }
        ]
      },
      "pluginVersion": "11.1.3",
      "targets": [
        {
          "datasource": {
            "type": "prometheus",
            "uid": "${DS_PROMETHEUS}"
          },
          "disableTextWrap": false,
          "editorMode": "code",
          "expr": "count by (title) (analyzerseofailaudits{group=\"Mobile\"})\r\n",
          "format": "table",
          "fullMetaSearch": false,
          "includeNullMetadata": true,
          "instant": false,
          "legendFormat": "__auto",
          "range": true,
          "refId": "A",
          "useBackend": false
        }
      ],
      "title": "Analyzer - Mobile Failed Audits",
      "transformations": [
        {
          "id": "organize",
          "options": {
            "excludeByName": {
              "Time": true,
              "title": false
            },
            "includeByName": {},
            "indexByName": {
              "Time": 0,
              "Value": 3,
              "title": 2,
              "url": 1
            },
            "renameByName": {
              "Value": "Count",
              "title": "Failed Audits"
            }
          }
        },
        {
          "id": "groupBy",
          "options": {
            "fields": {
              "Count": {
                "aggregations": [
                  "count"
                ],
                "operation": "aggregate"
              },
              "Failed Audits": {
                "aggregations": [],
                "operation": "groupby"
              }
            }
          }
        }
      ],
      "type": "table"
    },
    {
      "datasource": {
        "type": "prometheus",
        "uid": "${DS_PROMETHEUS}"
      },
      "fieldConfig": {
        "defaults": {
          "color": {
            "mode": "thresholds"
          },
          "custom": {
            "align": "left",
            "cellOptions": {
              "type": "auto"
            },
            "inspect": false
          },
          "mappings": [],
          "thresholds": {
            "mode": "absolute",
            "steps": [
              {
                "color": "green"
              },
              {
                "color": "red",
                "value": 80
              }
            ]
          }
        },
        "overrides": [
          {
            "matcher": {
              "id": "byName",
              "options": "Failed Audits"
            },
            "properties": [
              {
                "id": "custom.width",
                "value": 112
              }
            ]
          },
          {
            "matcher": {
              "id": "byName",
              "options": "Affected Hyperlinks (lastNotNull)"
            },
            "properties": [
              {
                "id": "custom.width",
                "value": 271
              }
            ]
          },
          {
            "matcher": {
              "id": "byName",
              "options": "Description (lastNotNull)"
            },
            "properties": [
              {
                "id": "custom.width",
                "value": 431
              }
            ]
          }
        ]
      },
      "gridPos": {
        "h": 7,
        "w": 12,
        "x": 12,
        "y": 101
      },
      "id": 38,
      "options": {
        "cellHeight": "md",
        "footer": {
          "countRows": false,
          "fields": "",
          "reducer": [
            "sum"
          ],
          "show": false
        },
        "showHeader": true,
        "sortBy": []
      },
      "pluginVersion": "11.1.3",
      "targets": [
        {
          "datasource": {
            "type": "prometheus",
            "uid": "${DS_PROMETHEUS}"
          },
          "disableTextWrap": false,
          "editorMode": "code",
          "expr": "count by (title, description) (analyzerseofailaudits{group=\"Mobile\",title=\"Document uses legible font sizes\"})",
          "format": "table",
          "fullMetaSearch": false,
          "includeNullMetadata": true,
          "instant": false,
          "legendFormat": "__auto",
          "range": true,
          "refId": "A",
          "useBackend": false
        }
      ],
      "title": "Analyzer - Document uses legible font sizes Audits",
      "transformations": [
        {
          "id": "organize",
          "options": {
            "excludeByName": {
              "Time": true,
              "title": false
            },
            "includeByName": {},
            "indexByName": {
              "Time": 0,
              "Value": 3,
              "description": 2,
              "title": 1
            },
            "renameByName": {
              "INodeLabel": "Image Node",
              "IPath": "Image Path",
              "ISelector": "Image Selector",
              "ISnippet": "Image URL",
              "Value": "Count",
              "description": "Description",
              "href": "Affected Hyperlinks",
              "text": "Text to Change",
              "title": "Failed Audits"
            }
          }
        },
        {
          "id": "groupBy",
          "options": {
            "fields": {
              "Affected Hyperlinks": {
                "aggregations": [
                  "lastNotNull"
                ],
                "operation": "aggregate"
              },
              "Count": {
                "aggregations": [
                  "count"
                ],
                "operation": "aggregate"
              },
              "Description": {
                "aggregations": [
                  "lastNotNull"
                ],
                "operation": "aggregate"
              },
              "Failed Audits": {
                "aggregations": [],
                "operation": "groupby"
              },
              "Image Node": {
                "aggregations": [
                  "lastNotNull"
                ],
                "operation": "aggregate"
              },
              "Image Path": {
                "aggregations": [
                  "lastNotNull"
                ],
                "operation": "aggregate"
              },
              "Image Selector": {
                "aggregations": [
                  "lastNotNull"
                ],
                "operation": "aggregate"
              },
              "Image URL": {
                "aggregations": [
                  "lastNotNull"
                ],
                "operation": "aggregate"
              },
              "Text to Change": {
                "aggregations": [
                  "lastNotNull"
                ],
                "operation": "aggregate"
              },
              "href": {
                "aggregations": [
                  "lastNotNull"
                ],
                "operation": "aggregate"
              },
              "text": {
                "aggregations": [
                  "lastNotNull"
                ],
                "operation": "aggregate"
              }
            }
          }
        }
      ],
      "type": "table"
    },
    {
      "datasource": {
        "type": "prometheus",
        "uid": "${DS_PROMETHEUS}"
      },
      "fieldConfig": {
        "defaults": {
          "color": {
            "mode": "thresholds"
          },
          "custom": {
            "align": "left",
            "cellOptions": {
              "type": "auto"
            },
            "inspect": false
          },
          "mappings": [],
          "thresholds": {
            "mode": "absolute",
            "steps": [
              {
                "color": "green"
              },
              {
                "color": "red",
                "value": 80
              }
            ]
          }
        },
        "overrides": [
          {
            "matcher": {
              "id": "byName",
              "options": "Failed Audits"
            },
            "properties": [
              {
                "id": "custom.width",
                "value": 112
              }
            ]
          },
          {
            "matcher": {
              "id": "byName",
              "options": "Affected Hyperlinks (lastNotNull)"
            },
            "properties": [
              {
                "id": "custom.width",
                "value": 271
              }
            ]
          },
          {
            "matcher": {
              "id": "byName",
              "options": "Description (lastNotNull)"
            },
            "properties": [
              {
                "id": "custom.width",
                "value": 431
              }
            ]
          }
        ]
      },
      "gridPos": {
        "h": 7,
        "w": 12,
        "x": 12,
        "y": 108
      },
      "id": 39,
      "options": {
        "cellHeight": "md",
        "footer": {
          "countRows": false,
          "fields": "",
          "reducer": [
            "sum"
          ],
          "show": false
        },
        "showHeader": true,
        "sortBy": []
      },
      "pluginVersion": "11.1.3",
      "targets": [
        {
          "datasource": {
            "type": "prometheus",
            "uid": "${DS_PROMETHEUS}"
          },
          "disableTextWrap": false,
          "editorMode": "code",
          "expr": "count by (title, description) (analyzerseofailaudits{group=\"Mobile\",title=\"Tap targets are sized appropriately\"})",
          "format": "table",
          "fullMetaSearch": false,
          "includeNullMetadata": true,
          "instant": false,
          "legendFormat": "__auto",
          "range": true,
          "refId": "A",
          "useBackend": false
        }
      ],
      "title": "Analyzer - Document uses legible font sizes Audits",
      "transformations": [
        {
          "id": "organize",
          "options": {
            "excludeByName": {
              "Time": true,
              "title": false
            },
            "includeByName": {},
            "indexByName": {
              "Time": 0,
              "Value": 3,
              "description": 2,
              "title": 1
            },
            "renameByName": {
              "INodeLabel": "Image Node",
              "IPath": "Image Path",
              "ISelector": "Image Selector",
              "ISnippet": "Image URL",
              "Value": "Count",
              "description": "Description",
              "href": "Affected Hyperlinks",
              "text": "Text to Change",
              "title": "Failed Audits"
            }
          }
        },
        {
          "id": "groupBy",
          "options": {
            "fields": {
              "Affected Hyperlinks": {
                "aggregations": [
                  "lastNotNull"
                ],
                "operation": "aggregate"
              },
              "Count": {
                "aggregations": [
                  "count"
                ],
                "operation": "aggregate"
              },
              "Description": {
                "aggregations": [
                  "lastNotNull"
                ],
                "operation": "aggregate"
              },
              "Failed Audits": {
                "aggregations": [],
                "operation": "groupby"
              },
              "Image Node": {
                "aggregations": [
                  "lastNotNull"
                ],
                "operation": "aggregate"
              },
              "Image Path": {
                "aggregations": [
                  "lastNotNull"
                ],
                "operation": "aggregate"
              },
              "Image Selector": {
                "aggregations": [
                  "lastNotNull"
                ],
                "operation": "aggregate"
              },
              "Image URL": {
                "aggregations": [
                  "lastNotNull"
                ],
                "operation": "aggregate"
              },
              "Text to Change": {
                "aggregations": [
                  "lastNotNull"
                ],
                "operation": "aggregate"
              },
              "href": {
                "aggregations": [
                  "lastNotNull"
                ],
                "operation": "aggregate"
              },
              "text": {
                "aggregations": [
                  "lastNotNull"
                ],
                "operation": "aggregate"
              }
            }
          }
        }
      ],
      "type": "table"
    }
  ],
  "schemaVersion": 39,
  "tags": [],
  "templating": {
    "list": [
      {
        "datasource": {
          "type": "prometheus",
          "uid": "advgjmtb35ssgc"
        },
        "filters": [],
        "hide": 0,
        "label": "Analyzer - Compare Control",
        "name": "Control",
        "skipUrlSync": false,
        "type": "adhoc"
      }
    ]
  },
  "time": {
    "from": "now-24h",
    "to": "now"
  },
  "timepicker": {},
  "timezone": "browser",
  "title": "5. DEX - SEO Dashboard",
  "uid": "cdwaujrl0nf28d",
  "version": 9,
  "weekStart": ""
}