{
  "__inputs": [
    {
      "name": "DS_PROMETHEUS",
      "label": "prometheus",
      "description": "",
      "type": "datasource",
      "pluginId": "prometheus",
      "pluginName": "Prometheus"
    }
  ],
  "__elements": {},
  "__requires": [
    {
      "type": "grafana",
      "id": "grafana",
      "name": "Grafana",
      "version": "11.1.3"
    },
    {
      "type": "datasource",
      "id": "prometheus",
      "name": "Prometheus",
      "version": "1.0.0"
    },
    {
      "type": "panel",
      "id": "stat",
      "name": "Stat",
      "version": ""
    },
    {
      "type": "panel",
      "id": "table",
      "name": "Table",
      "version": ""
    },
    {
      "type": "panel",
      "id": "text",
      "name": "Text",
      "version": ""
    }
  ],
  "annotations": {
    "list": [
      {
        "builtIn": 1,
        "datasource": {
          "type": "grafana",
          "uid": "-- Grafana --"
        },
        "enable": true,
        "hide": true,
        "iconColor": "rgba(0, 211, 255, 1)",
        "name": "Annotations & Alerts",
        "type": "dashboard"
      }
    ]
  },
  "editable": true,
  "fiscalYearStartMonth": 0,
  "graphTooltip": 0,
  "id": null,
  "links": [],
  "panels": [
    {
      "datasource": {
        "type": "prometheus",
        "uid": "${DS_PROMETHEUS}"
      },
      "fieldConfig": {
        "defaults": {
          "color": {
            "mode": "thresholds"
          },
          "mappings": [],
          "thresholds": {
            "mode": "absolute",
            "steps": [
              {
                "color": "green",
                "value": null
              },
              {
                "color": "red",
                "value": 80
              }
            ]
          }
        },
        "overrides": []
      },
      "gridPos": {
        "h": 7,
        "w": 6,
        "x": 0,
        "y": 0
      },
      "id": 2,
      "links": [
        {
          "targetBlank": true,
          "title": "DEX - Performance Network Dashboard",
          "url": "http://localhost:8084/goto/B-8dJ2qIg?orgId=1"
        }
      ],
      "options": {
        "colorMode": "value",
        "graphMode": "area",
        "justifyMode": "auto",
        "orientation": "auto",
        "percentChangeColorMode": "standard",
        "reduceOptions": {
          "calcs": [
            "lastNotNull"
          ],
          "fields": "",
          "values": false
        },
        "showPercentChange": false,
        "textMode": "auto",
        "wideLayout": true
      },
      "pluginVersion": "11.1.3",
      "targets": [
        {
          "datasource": {
            "type": "prometheus",
            "uid": "${DS_PROMETHEUS}"
          },
          "editorMode": "code",
          "expr": "count(count by (title) (analyzerperfmetrics{title=~\"Network Requests|Network Round Trip Times|Server Backend Latencies|Keep request counts low and transfer sizes small|Avoid enormous network payloads\"}))",
          "hide": false,
          "instant": false,
          "legendFormat": "__auto",
          "range": true,
          "refId": "A"
        }
      ],
      "title": "Performance Network Count",
      "type": "stat"
    },
    {
      "datasource": {
        "type": "prometheus",
        "uid": "${DS_PROMETHEUS}"
      },
      "gridPos": {
        "h": 7,
        "w": 18,
        "x": 6,
        "y": 0
      },
      "id": 3,
      "options": {
        "code": {
          "language": "plaintext",
          "showLineNumbers": false,
          "showMiniMap": false
        },
        "content": "<span style=\"font-size:40px;\">Performance Group: Network</span>\r\n",
        "mode": "html"
      },
      "pluginVersion": "11.1.3",
      "type": "text"
    },
    {
      "datasource": {
        "type": "prometheus",
        "uid": "${DS_PROMETHEUS}"
      },
      "gridPos": {
        "h": 11,
        "w": 12,
        "x": 0,
        "y": 7
      },
      "id": 4,
      "options": {
        "code": {
          "language": "plaintext",
          "showLineNumbers": false,
          "showMiniMap": false
        },
        "content": "# Performance: Network Audits #\n\n*Displays Network Audit with their total count and potential savings in KiB or ms. This indicates, how resource sizes and transfer sizes affects the performance of your website and how it can be reduced.*\n\n*Network Audits are:*\n- *Network Requests*\n- *Network Round Trip Times*\n- *Avoid enormous network payloads*\n- *Keep request counts low and transfer sizes small*\n- *Server Backend Latencies*",
        "mode": "markdown"
      },
      "pluginVersion": "11.1.3",
      "type": "text"
    },
    {
      "datasource": {
        "type": "prometheus",
        "uid": "${DS_PROMETHEUS}"
      },
      "fieldConfig": {
        "defaults": {
          "color": {
            "mode": "thresholds"
          },
          "custom": {
            "align": "left",
            "cellOptions": {
              "type": "auto"
            },
            "inspect": false
          },
          "mappings": [],
          "thresholds": {
            "mode": "absolute",
            "steps": [
              {
                "color": "green",
                "value": null
              },
              {
                "color": "red",
                "value": 80
              }
            ]
          }
        },
        "overrides": [
          {
            "matcher": {
              "id": "byName",
              "options": "Web Core Vitals"
            },
            "properties": [
              {
                "id": "custom.width",
                "value": 431
              }
            ]
          },
          {
            "matcher": {
              "id": "byName",
              "options": "Display Value (lastNotNull)"
            },
            "properties": [
              {
                "id": "custom.width",
                "value": 110
              }
            ]
          }
        ]
      },
      "gridPos": {
        "h": 11,
        "w": 12,
        "x": 12,
        "y": 7
      },
      "id": 5,
      "options": {
        "cellHeight": "sm",
        "footer": {
          "countRows": false,
          "fields": [
            "Count (count)"
          ],
          "reducer": [
            "sum"
          ],
          "show": true
        },
        "showHeader": true,
        "sortBy": []
      },
      "pluginVersion": "11.1.3",
      "targets": [
        {
          "datasource": {
            "type": "prometheus",
            "uid": "${DS_PROMETHEUS}"
          },
          "disableTextWrap": false,
          "editorMode": "code",
          "expr": "avg by(title, displayValue) (analyzerperfmetrics{title=~\" Keep request counts low and transfer sizes small|Network Requests|Network Round Trip Times|Server Backend Latencies|Avoid enormous network payloads\"})",
          "format": "table",
          "fullMetaSearch": false,
          "includeNullMetadata": true,
          "instant": false,
          "legendFormat": "__auto",
          "range": true,
          "refId": "A",
          "useBackend": false
        }
      ],
      "title": "Analyzer - Network",
      "transformations": [
        {
          "id": "organize",
          "options": {
            "excludeByName": {
              "Time": true,
              "Value": false
            },
            "includeByName": {},
            "indexByName": {
              "Time": 0,
              "Value": 3,
              "displayValue": 2,
              "title": 1
            },
            "renameByName": {
              "Value": "Count",
              "displayValue": "Display Value",
              "numericValue": "Numeric Values",
              "title": "Web Core Vitals"
            }
          }
        },
        {
          "id": "groupBy",
          "options": {
            "fields": {
              "Count": {
                "aggregations": [
                  "count"
                ],
                "operation": "aggregate"
              },
              "Display Value": {
                "aggregations": [
                  "lastNotNull"
                ],
                "operation": "aggregate"
              },
              "Numeric Values": {
                "aggregations": [
                  "lastNotNull"
                ],
                "operation": "aggregate"
              },
              "Web Core Vitals": {
                "aggregations": [],
                "operation": "groupby"
              }
            }
          }
        }
      ],
      "type": "table"
    },
    {
      "datasource": {
        "type": "prometheus",
        "uid": "${DS_PROMETHEUS}"
      },
      "fieldConfig": {
        "defaults": {
          "color": {
            "mode": "thresholds"
          },
          "custom": {
            "align": "left",
            "cellOptions": {
              "type": "auto"
            },
            "inspect": false
          },
          "mappings": [],
          "thresholds": {
            "mode": "absolute",
            "steps": [
              {
                "color": "green"
              },
              {
                "color": "#EAB839",
                "value": 260.0003
              },
              {
                "color": "red",
                "value": 380
              }
            ]
          },
          "unit": "bps"
        },
        "overrides": [
          {
            "matcher": {
              "id": "byName",
              "options": "Potential Saving"
            },
            "properties": [
              {
                "id": "unit",
                "value": "clockms"
              },
              {
                "id": "custom.cellOptions",
                "value": {
                  "type": "color-text"
                }
              }
            ]
          },
          {
            "matcher": {
              "id": "byName",
              "options": "Count"
            },
            "properties": [
              {
                "id": "unit"
              }
            ]
          },
          {
            "matcher": {
              "id": "byName",
              "options": "Transferred Size "
            },
            "properties": [
              {
                "id": "custom.cellOptions",
                "value": {
                  "type": "color-text"
                }
              }
            ]
          },
          {
            "matcher": {
              "id": "byName",
              "options": "Affected Url's"
            },
            "properties": [
              {
                "id": "custom.width",
                "value": 221
              }
            ]
          },
          {
            "matcher": {
              "id": "byName",
              "options": "Origin"
            },
            "properties": [
              {
                "id": "custom.width",
                "value": 263
              }
            ]
          },
          {
            "matcher": {
              "id": "byName",
              "options": "Server Response Time"
            },
            "properties": [
              {
                "id": "custom.width",
                "value": 220
              }
            ]
          }
        ]
      },
      "gridPos": {
        "h": 8,
        "w": 12,
        "x": 0,
        "y": 18
      },
      "id": 7,
      "options": {
        "cellHeight": "md",
        "footer": {
          "countRows": false,
          "fields": "",
          "reducer": [
            "sum"
          ],
          "show": false
        },
        "showHeader": true,
        "sortBy": [
          {
            "desc": true,
            "displayName": "Count"
          }
        ]
      },
      "pluginVersion": "11.1.3",
      "targets": [
        {
          "datasource": {
            "type": "prometheus",
            "uid": "${DS_PROMETHEUS}"
          },
          "disableTextWrap": false,
          "editorMode": "code",
          "expr": "count by(origin, serverResponseTime) (analyzerperfmetrics{title=\"Server Backend Latencies\"})",
          "format": "table",
          "fullMetaSearch": false,
          "includeNullMetadata": true,
          "instant": false,
          "legendFormat": "__auto",
          "range": true,
          "refId": "A",
          "useBackend": false
        }
      ],
      "title": "Analyzer - Server Backend Latencies",
      "transformations": [
        {
          "id": "organize",
          "options": {
            "excludeByName": {
              "Time": true,
              "title": true
            },
            "includeByName": {},
            "indexByName": {
              "Time": 0,
              "Value": 3,
              "origin": 1,
              "serverResponseTime": 2
            },
            "renameByName": {
              "Value": "Count",
              "origin": "Origin",
              "serverResponseTime": "Server Response Time",
              "totalBytes": "Transferred Size ",
              "url": "Affected Url's",
              "wastedMs": "Potential Saving"
            }
          }
        }
      ],
      "type": "table"
    },
    {
      "datasource": {
        "type": "prometheus",
        "uid": "${DS_PROMETHEUS}"
      },
      "gridPos": {
        "h": 8,
        "w": 12,
        "x": 12,
        "y": 18
      },
      "id": 6,
      "options": {
        "code": {
          "language": "plaintext",
          "showLineNumbers": false,
          "showMiniMap": false
        },
        "content": "### Network: Server Backend Latencies audit ###\n*Server latencies can impact web performance. If the server latency of an origin is high, it's an indication the server is overloaded or has poor backend performance*",
        "mode": "markdown"
      },
      "pluginVersion": "11.1.3",
      "type": "text"
    },
    {
      "datasource": {
        "type": "prometheus",
        "uid": "${DS_PROMETHEUS}"
      },
      "gridPos": {
        "h": 8,
        "w": 12,
        "x": 0,
        "y": 26
      },
      "id": 8,
      "options": {
        "code": {
          "language": "plaintext",
          "showLineNumbers": false,
          "showMiniMap": false
        },
        "content": "### Network: Network Round Trip Times audit ###\n*Network round trip times (RTT) have a large impact on performance. If the RTT to an origin is high, it's an indication that servers closer to the user could improve performance. So:*\n- *Faster sites lead to better user engagement*\n- *Faster sites lead to better user retention*\n- *Faster sites lead to higher conversions*",
        "mode": "markdown"
      },
      "pluginVersion": "11.1.3",
      "type": "text"
    },
    {
      "datasource": {
        "type": "prometheus",
        "uid": "${DS_PROMETHEUS}"
      },
      "fieldConfig": {
        "defaults": {
          "color": {
            "mode": "thresholds"
          },
          "custom": {
            "align": "left",
            "cellOptions": {
              "type": "auto"
            },
            "inspect": false
          },
          "mappings": [],
          "thresholds": {
            "mode": "absolute",
            "steps": [
              {
                "color": "green"
              },
              {
                "color": "#EAB839",
                "value": 260.0003
              },
              {
                "color": "red",
                "value": 380
              }
            ]
          },
          "unit": "bps"
        },
        "overrides": [
          {
            "matcher": {
              "id": "byName",
              "options": "Potential Saving"
            },
            "properties": [
              {
                "id": "unit",
                "value": "clockms"
              },
              {
                "id": "custom.cellOptions",
                "value": {
                  "type": "color-text"
                }
              }
            ]
          },
          {
            "matcher": {
              "id": "byName",
              "options": "Count"
            },
            "properties": [
              {
                "id": "unit"
              }
            ]
          },
          {
            "matcher": {
              "id": "byName",
              "options": "Transferred Size "
            },
            "properties": [
              {
                "id": "custom.cellOptions",
                "value": {
                  "type": "color-text"
                }
              }
            ]
          },
          {
            "matcher": {
              "id": "byName",
              "options": "Affected Url's"
            },
            "properties": [
              {
                "id": "custom.width",
                "value": 221
              }
            ]
          }
        ]
      },
      "gridPos": {
        "h": 8,
        "w": 12,
        "x": 12,
        "y": 26
      },
      "id": 9,
      "options": {
        "cellHeight": "md",
        "footer": {
          "countRows": false,
          "fields": "",
          "reducer": [
            "sum"
          ],
          "show": false
        },
        "showHeader": true,
        "sortBy": [
          {
            "desc": true,
            "displayName": "RTT"
          }
        ]
      },
      "pluginVersion": "11.1.3",
      "targets": [
        {
          "datasource": {
            "type": "prometheus",
            "uid": "${DS_PROMETHEUS}"
          },
          "disableTextWrap": false,
          "editorMode": "code",
          "expr": "count by(origin, rtt) (analyzerperfmetrics)",
          "format": "table",
          "fullMetaSearch": false,
          "includeNullMetadata": true,
          "instant": false,
          "legendFormat": "__auto",
          "range": true,
          "refId": "A",
          "useBackend": false
        }
      ],
      "title": "Analyzer - Network Round Trip Times",
      "transformations": [
        {
          "id": "organize",
          "options": {
            "excludeByName": {
              "Time": true,
              "title": true
            },
            "includeByName": {},
            "indexByName": {
              "Time": 0,
              "Value": 3,
              "origin": 1,
              "rtt": 2
            },
            "renameByName": {
              "Value": "Count",
              "origin": "Origin",
              "rtt": "RTT",
              "serverResponseTime": "Server Response Time",
              "totalBytes": "Transferred Size ",
              "url": "Affected Url's",
              "wastedMs": "Potential Saving"
            }
          }
        }
      ],
      "type": "table"
    },
    {
      "datasource": {
        "type": "prometheus",
        "uid": "${DS_PROMETHEUS}"
      },
      "fieldConfig": {
        "defaults": {
          "color": {
            "mode": "thresholds"
          },
          "custom": {
            "align": "left",
            "cellOptions": {
              "type": "auto"
            },
            "inspect": false
          },
          "mappings": [],
          "thresholds": {
            "mode": "absolute",
            "steps": [
              {
                "color": "green"
              },
              {
                "color": "#EAB839",
                "value": 260.0003
              },
              {
                "color": "red",
                "value": 380
              }
            ]
          },
          "unit": "bps"
        },
        "overrides": [
          {
            "matcher": {
              "id": "byName",
              "options": "Requests"
            },
            "properties": [
              {
                "id": "unit",
                "value": ""
              },
              {
                "id": "custom.cellOptions",
                "value": {
                  "type": "color-text"
                }
              }
            ]
          },
          {
            "matcher": {
              "id": "byName",
              "options": "Count"
            },
            "properties": [
              {
                "id": "unit"
              }
            ]
          },
          {
            "matcher": {
              "id": "byName",
              "options": "Transfer Size"
            },
            "properties": [
              {
                "id": "custom.cellOptions",
                "value": {
                  "type": "color-text"
                }
              }
            ]
          },
          {
            "matcher": {
              "id": "byName",
              "options": "Affected Url's"
            },
            "properties": [
              {
                "id": "custom.width",
                "value": 221
              }
            ]
          }
        ]
      },
      "gridPos": {
        "h": 8,
        "w": 12,
        "x": 0,
        "y": 34
      },
      "id": 11,
      "options": {
        "cellHeight": "md",
        "footer": {
          "countRows": false,
          "fields": "",
          "reducer": [
            "sum"
          ],
          "show": false
        },
        "showHeader": true,
        "sortBy": [
          {
            "desc": true,
            "displayName": "Transfer Size"
          }
        ]
      },
      "pluginVersion": "11.1.3",
      "targets": [
        {
          "datasource": {
            "type": "prometheus",
            "uid": "${DS_PROMETHEUS}"
          },
          "disableTextWrap": false,
          "editorMode": "code",
          "expr": "count by(resourceType, requestCount, transferSize) (analyzerperfmetrics)",
          "format": "table",
          "fullMetaSearch": false,
          "includeNullMetadata": true,
          "instant": false,
          "legendFormat": "__auto",
          "range": true,
          "refId": "A",
          "useBackend": false
        }
      ],
      "title": "Analyzer - Keep request counts low and transfer sizes small",
      "transformations": [
        {
          "id": "organize",
          "options": {
            "excludeByName": {
              "Time": true,
              "title": true
            },
            "includeByName": {},
            "indexByName": {
              "Time": 0,
              "Value": 4,
              "requestCount": 2,
              "resourceType": 1,
              "transferSize": 3
            },
            "renameByName": {
              "Value": "Count",
              "origin": "Origin",
              "requestCount": "Requests",
              "resourceType": "Resource Type ",
              "rtt": "RTT",
              "serverResponseTime": "Server Response Time",
              "totalBytes": "Transferred Size ",
              "transferSize": "Transfer Size",
              "url": "Affected Url's",
              "wastedMs": "Potential Saving"
            }
          }
        }
      ],
      "type": "table"
    },
    {
      "datasource": {
        "type": "prometheus",
        "uid": "${DS_PROMETHEUS}"
      },
      "gridPos": {
        "h": 8,
        "w": 12,
        "x": 12,
        "y": 34
      },
      "id": 10,
      "options": {
        "code": {
          "language": "plaintext",
          "showLineNumbers": false,
          "showMiniMap": false
        },
        "content": "### Network: Keep request counts low and transfer sizes small audit ###\n*Reports how many network requests were made and how much data was transferred while your page loaded. This audit pays significant role in calculating budget as:*\n\n- *The Requests and Transfer Size values for the Total row are computed by adding the values for the Image, Script, Font, Stylesheet, Other, Document, and Media rows.*\n\n- *The Third-party column does not factor into the Total row's values. Its purpose is to make you aware of how many of the total requests and how much of the total transfer size came from third-party domains. The third-party requests could be a combination of any of the other resource types.*",
        "mode": "markdown"
      },
      "pluginVersion": "11.1.3",
      "type": "text"
    },
    {
      "datasource": {
        "type": "prometheus",
        "uid": "${DS_PROMETHEUS}"
      },
      "gridPos": {
        "h": 8,
        "w": 12,
        "x": 0,
        "y": 42
      },
      "id": 12,
      "options": {
        "code": {
          "language": "plaintext",
          "showLineNumbers": false,
          "showMiniMap": false
        },
        "content": "### Network: Avoid enormous network payloads audit ###\n*Large network payloads are highly correlated with long load times. They also cost users money; for example, users may have to pay for more cellular data. So, reducing the total size of your page's network requests is good for your users' experience on your site. Report shows the total size in kibibytes (KiB) of all resources requested by your page. The largest requests are presented first*",
        "mode": "markdown"
      },
      "pluginVersion": "11.1.3",
      "type": "text"
    },
    {
      "datasource": {
        "type": "prometheus",
        "uid": "${DS_PROMETHEUS}"
      },
      "fieldConfig": {
        "defaults": {
          "color": {
            "mode": "thresholds"
          },
          "custom": {
            "align": "left",
            "cellOptions": {
              "type": "auto"
            },
            "inspect": false
          },
          "mappings": [],
          "thresholds": {
            "mode": "absolute",
            "steps": [
              {
                "color": "green"
              },
              {
                "color": "#EAB839",
                "value": 260.0003
              },
              {
                "color": "red",
                "value": 380
              }
            ]
          },
          "unit": "bps"
        },
        "overrides": [
          {
            "matcher": {
              "id": "byName",
              "options": "Requests"
            },
            "properties": [
              {
                "id": "unit",
                "value": ""
              },
              {
                "id": "custom.cellOptions",
                "value": {
                  "type": "color-text"
                }
              }
            ]
          },
          {
            "matcher": {
              "id": "byName",
              "options": "Count"
            },
            "properties": [
              {
                "id": "unit"
              }
            ]
          },
          {
            "matcher": {
              "id": "byName",
              "options": "Transfer Size"
            },
            "properties": [
              {
                "id": "custom.cellOptions",
                "value": {
                  "type": "color-text"
                }
              }
            ]
          },
          {
            "matcher": {
              "id": "byName",
              "options": "Affected Url's"
            },
            "properties": [
              {
                "id": "custom.width",
                "value": 367
              }
            ]
          }
        ]
      },
      "gridPos": {
        "h": 8,
        "w": 12,
        "x": 12,
        "y": 42
      },
      "id": 13,
      "options": {
        "cellHeight": "md",
        "footer": {
          "countRows": false,
          "fields": "",
          "reducer": [
            "sum"
          ],
          "show": false
        },
        "showHeader": true,
        "sortBy": []
      },
      "pluginVersion": "11.1.3",
      "targets": [
        {
          "datasource": {
            "type": "prometheus",
            "uid": "${DS_PROMETHEUS}"
          },
          "disableTextWrap": false,
          "editorMode": "code",
          "expr": "count by(url, transferSize) (analyzerperfmetrics{title=\"Avoid enormous network payloads\"})",
          "format": "table",
          "fullMetaSearch": false,
          "includeNullMetadata": true,
          "instant": false,
          "legendFormat": "__auto",
          "range": true,
          "refId": "A",
          "useBackend": false
        }
      ],
      "title": "Analyzer - Enormous network payloads",
      "transformations": [
        {
          "id": "organize",
          "options": {
            "excludeByName": {
              "Time": true,
              "title": true
            },
            "includeByName": {},
            "indexByName": {
              "Time": 0,
              "Value": 3,
              "transferSize": 2,
              "url": 1
            },
            "renameByName": {
              "Value": "Count",
              "origin": "Origin",
              "requestCount": "Requests",
              "resourceType": "Resource Type ",
              "rtt": "RTT",
              "serverResponseTime": "Server Response Time",
              "totalBytes": "Transferred Size ",
              "transferSize": "Transfer Size",
              "url": "Affected Url's",
              "wastedMs": "Potential Saving"
            }
          }
        }
      ],
      "type": "table"
    },
    {
      "datasource": {
        "type": "prometheus",
        "uid": "${DS_PROMETHEUS}"
      },
      "gridPos": {
        "h": 5,
        "w": 24,
        "x": 0,
        "y": 50
      },
      "id": 14,
      "options": {
        "code": {
          "language": "plaintext",
          "showLineNumbers": false,
          "showMiniMap": false
        },
        "content": "### Network: Network Requests audit ###\n*DevTools supports blocking network requests to see the impact of individual resources being removed or not being available. This can be helpful for understanding the cost individual scripts. (e.g such as third-party embeds or trackers) have on metrics like Total Blocking Time (TBT) and Time to Interactive. Network request report lists the network requests that were made during page load, i.e., the targeted url where this audit is failed, shows the transfer size in KiloBytes with request' start time and its end time and provides resource size with its status code, mime type and its resource type.*\n",
        "mode": "markdown"
      },
      "pluginVersion": "11.1.3",
      "type": "text"
    },
    {
      "datasource": {
        "type": "prometheus",
        "uid": "${DS_PROMETHEUS}"
      },
      "fieldConfig": {
        "defaults": {
          "color": {
            "mode": "thresholds"
          },
          "custom": {
            "align": "left",
            "cellOptions": {
              "type": "auto"
            },
            "inspect": false
          },
          "mappings": [],
          "thresholds": {
            "mode": "absolute",
            "steps": [
              {
                "color": "green"
              },
              {
                "color": "#EAB839",
                "value": 260.0003
              },
              {
                "color": "red",
                "value": 380
              }
            ]
          }
        },
        "overrides": [
          {
            "matcher": {
              "id": "byName",
              "options": "Resource Size"
            },
            "properties": [
              {
                "id": "unit",
                "value": "bps"
              },
              {
                "id": "custom.cellOptions",
                "value": {
                  "type": "color-text"
                }
              }
            ]
          },
          {
            "matcher": {
              "id": "byName",
              "options": "Count"
            },
            "properties": [
              {
                "id": "unit"
              }
            ]
          },
          {
            "matcher": {
              "id": "byName",
              "options": "Transfer Size"
            },
            "properties": [
              {
                "id": "custom.cellOptions",
                "value": {
                  "type": "color-text"
                }
              },
              {
                "id": "unit",
                "value": "Bps"
              }
            ]
          },
          {
            "matcher": {
              "id": "byName",
              "options": "Affected Url's"
            },
            "properties": [
              {
                "id": "custom.width"
              }
            ]
          },
          {
            "matcher": {
              "id": "byName",
              "options": "Protocol"
            },
            "properties": [
              {
                "id": "custom.width",
                "value": 82
              }
            ]
          },
          {
            "matcher": {
              "id": "byName",
              "options": "Status Code"
            },
            "properties": [
              {
                "id": "custom.width",
                "value": 105
              }
            ]
          },
          {
            "matcher": {
              "id": "byName",
              "options": "Resource Type "
            },
            "properties": [
              {
                "id": "custom.width",
                "value": 110
              }
            ]
          },
          {
            "matcher": {
              "id": "byName",
              "options": "Start Time"
            },
            "properties": [
              {
                "id": "custom.width",
                "value": 96
              }
            ]
          },
          {
            "matcher": {
              "id": "byName",
              "options": "End Time"
            },
            "properties": [
              {
                "id": "custom.width",
                "value": 97
              }
            ]
          },
          {
            "matcher": {
              "id": "byName",
              "options": "Mime Type"
            },
            "properties": [
              {
                "id": "custom.width",
                "value": 198
              }
            ]
          }
        ]
      },
      "gridPos": {
        "h": 10,
        "w": 24,
        "x": 0,
        "y": 55
      },
      "id": 15,
      "options": {
        "cellHeight": "md",
        "footer": {
          "countRows": false,
          "fields": "",
          "reducer": [
            "sum"
          ],
          "show": false
        },
        "showHeader": true,
        "sortBy": []
      },
      "pluginVersion": "11.1.3",
      "targets": [
        {
          "datasource": {
            "type": "prometheus",
            "uid": "${DS_PROMETHEUS}"
          },
          "disableTextWrap": false,
          "editorMode": "code",
          "expr": "count by(url, protocol, statusCode, mimeType, resourceType, startTime, endTime, transferSize, resourceSize) (analyzerperfmetrics)",
          "format": "table",
          "fullMetaSearch": false,
          "includeNullMetadata": true,
          "instant": false,
          "legendFormat": "__auto",
          "range": true,
          "refId": "A",
          "useBackend": false
        }
      ],
      "title": "Analyzer - Enormous network payloads",
      "transformations": [
        {
          "id": "organize",
          "options": {
            "excludeByName": {
              "Time": true,
              "title": true
            },
            "includeByName": {},
            "indexByName": {
              "Time": 0,
              "Value": 10,
              "endTime": 7,
              "mimeType": 4,
              "protocol": 2,
              "resourceSize": 9,
              "resourceType": 5,
              "startTime": 6,
              "statusCode": 3,
              "transferSize": 8,
              "url": 1
            },
            "renameByName": {
              "Value": "Count",
              "endTime": "End Time",
              "mimeType": "Mime Type",
              "origin": "Origin",
              "protocol": "Protocol",
              "requestCount": "Requests",
              "resourceSize": "Resource Size",
              "resourceType": "Resource Type ",
              "rtt": "RTT",
              "serverResponseTime": "Server Response Time",
              "startTime": "Start Time",
              "statusCode": "Status Code",
              "totalBytes": "Transferred Size ",
              "transferSize": "Transfer Size",
              "url": "Affected Url's",
              "wastedMs": "Potential Saving"
            }
          }
        }
      ],
      "type": "table"
    }
  ],
  "schemaVersion": 39,
  "tags": [],
  "templating": {
    "list": [
      {
        "datasource": {
          "type": "prometheus",
          "uid": "advgjmtb35ssgc"
        },
        "filters": [],
        "hide": 0,
        "label": "Analyzer - Compare Control",
        "name": "Control",
        "skipUrlSync": false,
        "type": "adhoc"
      }
    ]
  },
  "time": {
    "from": "now-6h",
    "to": "now"
  },
  "timepicker": {},
  "timezone": "browser",
  "title": "8. DEX - Performance Network Dashboard",
  "uid": "fdw5un0p6yvwgf",
  "version": 8,
  "weekStart": ""
}